[{"model": "admin.logentry", "pk": 1, "fields": {"action_time": "2023-07-13T03:19:29.885Z", "user": 1, "content_type": 14, "object_id": "9f956ea1-4556-40a3-96ee-06e088aacd76", "object_repr": "Nonlinearcircuits", "action_flag": 1, "change_message": "[{\"added\": {}}]"}}, {"model": "admin.logentry", "pk": 2, "fields": {"action_time": "2023-07-13T03:22:40.400Z", "user": 1, "content_type": 15, "object_id": "a7439a7c-3862-429e-83c0-f0c06f3bc1a9", "object_repr": "Triple Sloth - Nonlinearcircuits", "action_flag": 1, "change_message": "[{\"added\": {}}]"}}, {"model": "admin.logentry", "pk": 3, "fields": {"action_time": "2023-07-13T07:23:36.613Z", "user": 1, "content_type": 22, "object_id": "c7092b42-bd52-4ee5-b539-fbf0dfdd78e9", "object_repr": "Capacitor", "action_flag": 1, "change_message": "[{\"added\": {}}]"}}, {"model": "admin.logentry", "pk": 4, "fields": {"action_time": "2023-07-13T07:23:50.261Z", "user": 1, "content_type": 22, "object_id": "06b913cc-3ecd-4b47-baf7-676d8fcc78bf", "object_repr": "Resistor", "action_flag": 1, "change_message": "[{\"added\": {}}]"}}, {"model": "admin.logentry", "pk": 5, "fields": {"action_time": "2023-07-13T07:29:23.788Z", "user": 1, "content_type": 17, "object_id": "66f66ca7-6e24-470d-ba99-32d28217a62c", "object_repr": "Triple Sloth (1µF)", "action_flag": 1, "change_message": "[{\"added\": {}}]"}}, {"model": "admin.logentry", "pk": 6, "fields": {"action_time": "2023-07-13T07:29:49.455Z", "user": 1, "content_type": 17, "object_id": "66f66ca7-6e24-470d-ba99-32d28217a62c", "object_repr": "Triple Sloth (1µF)", "action_flag": 2, "change_message": "[{\"changed\": {\"fields\": [\"Designators\"]}}]"}}, {"model": "admin.logentry", "pk": 7, "fields": {"action_time": "2023-07-13T07:35:00.411Z", "user": 1, "content_type": 17, "object_id": "88704128-251d-4eb2-a561-ae477b6d3050", "object_repr": "Triple Sloth (10µF)", "action_flag": 1, "change_message": "[{\"added\": {}}]"}}, {"model": "admin.logentry", "pk": 8, "fields": {"action_time": "2023-07-13T07:35:11.637Z", "user": 1, "content_type": 17, "object_id": "88704128-251d-4eb2-a561-ae477b6d3050", "object_repr": "Triple Sloth (10µF)", "action_flag": 2, "change_message": "[]"}}, {"model": "admin.logentry", "pk": 9, "fields": {"action_time": "2023-07-13T07:37:18.549Z", "user": 1, "content_type": 22, "object_id": "49d3ceb8-1edf-4515-b24f-ed5f2158642d", "object_repr": "empty", "action_flag": 1, "change_message": "[{\"added\": {}}]"}}, {"model": "admin.logentry", "pk": 10, "fields": {"action_time": "2023-07-13T07:37:30.967Z", "user": 1, "content_type": 17, "object_id": "8368f7ac-24c8-4ea0-a8a5-840da8784471", "object_repr": "Triple Sloth (-)", "action_flag": 1, "change_message": "[{\"added\": {}}]"}}, {"model": "admin.logentry", "pk": 11, "fields": {"action_time": "2023-07-13T07:37:52.044Z", "user": 1, "content_type": 17, "object_id": "8368f7ac-24c8-4ea0-a8a5-840da8784471", "object_repr": "Triple Sloth (-)", "action_flag": 2, "change_message": "[{\"changed\": {\"fields\": [\"Notes\"]}}]"}}, {"model": "admin.logentry", "pk": 12, "fields": {"action_time": "2023-07-13T07:40:14.768Z", "user": 1, "content_type": 17, "object_id": "fdbd03f3-cc47-4679-b287-19742e9df21f", "object_repr": "Triple Sloth (470Ω)", "action_flag": 1, "change_message": "[{\"added\": {}}]"}}, {"model": "admin.logentry", "pk": 13, "fields": {"action_time": "2023-07-13T07:42:14.901Z", "user": 1, "content_type": 17, "object_id": "4e1742f7-0623-4731-8aa0-a82867c839cf", "object_repr": "Triple Sloth (1k)", "action_flag": 1, "change_message": "[{\"added\": {}}]"}}, {"model": "admin.logentry", "pk": 14, "fields": {"action_time": "2023-07-13T07:44:18.290Z", "user": 1, "content_type": 17, "object_id": "e421ab7d-3822-4475-a522-bb1673102556", "object_repr": "Triple Sloth (4k7)", "action_flag": 1, "change_message": "[{\"added\": {}}]"}}, {"model": "admin.logentry", "pk": 15, "fields": {"action_time": "2023-07-13T07:52:43.382Z", "user": 1, "content_type": 22, "object_id": "fca2b899-4400-4e5e-a2b1-70116e2919b6", "object_repr": "SOIC IC", "action_flag": 1, "change_message": "[{\"added\": {}}]"}}, {"model": "admin.logentry", "pk": 16, "fields": {"action_time": "2023-07-13T07:53:06.157Z", "user": 1, "content_type": 22, "object_id": "6bbcce54-12d9-48f5-b44f-a58a9439a6fc", "object_repr": "4000-Series IC", "action_flag": 1, "change_message": "[{\"added\": {}}]"}}, {"model": "admin.logentry", "pk": 17, "fields": {"action_time": "2023-07-13T07:53:18.180Z", "user": 1, "content_type": 22, "object_id": "5a16a128-e92c-452a-a516-68c9f88c9723", "object_repr": "Transistor", "action_flag": 1, "change_message": "[{\"added\": {}}]"}}, {"model": "admin.logentry", "pk": 18, "fields": {"action_time": "2023-07-13T07:53:29.891Z", "user": 1, "content_type": 22, "object_id": "3ae5bede-2caf-4149-b44a-782e0a1f4943", "object_repr": "Power Connector", "action_flag": 1, "change_message": "[{\"added\": {}}]"}}, {"model": "admin.logentry", "pk": 19, "fields": {"action_time": "2023-07-13T07:53:59.958Z", "user": 1, "content_type": 22, "object_id": "49d3ceb8-1edf-4515-b24f-ed5f2158642d", "object_repr": "empty", "action_flag": 2, "change_message": "[{\"changed\": {\"fields\": [\"Order\"]}}]"}}, {"model": "admin.logentry", "pk": 20, "fields": {"action_time": "2023-07-13T07:54:34.479Z", "user": 1, "content_type": 22, "object_id": "26d1eb76-386b-4933-9a61-c9339bc6558a", "object_repr": "Pin Header Strip", "action_flag": 1, "change_message": "[{\"added\": {}}]"}}, {"model": "admin.logentry", "pk": 21, "fields": {"action_time": "2023-07-13T07:54:45.516Z", "user": 1, "content_type": 22, "object_id": "97f10c91-6249-4b9b-ac78-2f531479d908", "object_repr": "Diode", "action_flag": 1, "change_message": "[{\"added\": {}}]"}}, {"model": "admin.logentry", "pk": 22, "fields": {"action_time": "2023-07-13T07:55:01.113Z", "user": 1, "content_type": 22, "object_id": "0653b632-7efe-46aa-a135-4058fa7d3e9e", "object_repr": "Photoresistor (LDR)", "action_flag": 1, "change_message": "[{\"added\": {}}]"}}, {"model": "admin.logentry", "pk": 23, "fields": {"action_time": "2023-07-13T07:55:13.978Z", "user": 1, "content_type": 22, "object_id": "f26cd426-050f-4097-a440-ff04b818e974", "object_repr": "Vactrol", "action_flag": 1, "change_message": "[{\"added\": {}}]"}}, {"model": "admin.logentry", "pk": 24, "fields": {"action_time": "2023-07-13T07:55:26.240Z", "user": 1, "content_type": 22, "object_id": "d7c7f143-dce3-4e51-94f8-384ce2af48b3", "object_repr": "Potentiometer", "action_flag": 1, "change_message": "[{\"added\": {}}]"}}, {"model": "admin.logentry", "pk": 25, "fields": {"action_time": "2023-07-13T07:55:36.431Z", "user": 1, "content_type": 22, "object_id": "58068c0c-c9de-4ae1-9dae-1afececc5992", "object_repr": "Trimpot", "action_flag": 1, "change_message": "[{\"added\": {}}]"}}, {"model": "admin.logentry", "pk": 26, "fields": {"action_time": "2023-07-13T07:55:49.153Z", "user": 1, "content_type": 22, "object_id": "68372fe3-21b8-4f7e-89b4-81e81869899f", "object_repr": "Knob", "action_flag": 1, "change_message": "[{\"added\": {}}]"}}, {"model": "admin.logentry", "pk": 27, "fields": {"action_time": "2023-07-13T07:56:03.818Z", "user": 1, "content_type": 22, "object_id": "eb3dbc9a-190c-4dd2-b0b3-67f3957625c5", "object_repr": "Jack", "action_flag": 1, "change_message": "[{\"added\": {}}]"}}, {"model": "admin.logentry", "pk": 28, "fields": {"action_time": "2023-07-13T08:05:56.664Z", "user": 1, "content_type": 17, "object_id": "9493fdfd-a81f-4f1f-926d-f15d2c1a3483", "object_repr": "Triple Sloth (100k)", "action_flag": 1, "change_message": "[{\"added\": {}}]"}}, {"model": "admin.logentry", "pk": 29, "fields": {"action_time": "2023-07-13T08:06:31.032Z", "user": 1, "content_type": 17, "object_id": "03d96f97-8025-4218-8ce6-9f320914279b", "object_repr": "Triple Sloth (220K)", "action_flag": 1, "change_message": "[{\"added\": {}}]"}}, {"model": "admin.logentry", "pk": 30, "fields": {"action_time": "2023-07-13T08:07:00.541Z", "user": 1, "content_type": 17, "object_id": "01aaa9f7-54c7-436f-89a2-eeb12b990769", "object_repr": "Triple Sloth (470K)", "action_flag": 1, "change_message": "[{\"added\": {}}]"}}, {"model": "admin.logentry", "pk": 31, "fields": {"action_time": "2023-07-17T00:41:50.818Z", "user": 1, "content_type": 17, "object_id": "3957d68f-e0af-4818-93f6-241a3175c993", "object_repr": "Triple Sloth (1M)", "action_flag": 1, "change_message": "[{\"added\": {}}]"}}, {"model": "admin.logentry", "pk": 32, "fields": {"action_time": "2023-07-17T00:43:33.542Z", "user": 1, "content_type": 17, "object_id": "4730f80c-8eca-43a8-b757-78ddec6a1068", "object_repr": "Triple Sloth (4M7)", "action_flag": 1, "change_message": "[{\"added\": {}}]"}}, {"model": "admin.logentry", "pk": 33, "fields": {"action_time": "2023-07-17T00:43:57.127Z", "user": 1, "content_type": 17, "object_id": "857a338e-74e4-4da3-aa3f-36056cf77bdc", "object_repr": "Triple Sloth (6M8)", "action_flag": 1, "change_message": "[{\"added\": {}}]"}}, {"model": "admin.logentry", "pk": 34, "fields": {"action_time": "2023-07-17T00:44:33.304Z", "user": 1, "content_type": 17, "object_id": "84222576-b049-46e2-8946-95c3975bec77", "object_repr": "Triple Sloth (10M)", "action_flag": 1, "change_message": "[{\"added\": {}}]"}}, {"model": "admin.logentry", "pk": 35, "fields": {"action_time": "2023-07-17T00:44:59.021Z", "user": 1, "content_type": 17, "object_id": "bfaf009c-6e1a-4bc7-8729-01d6f0f306fd", "object_repr": "Triple Sloth (68M)", "action_flag": 1, "change_message": "[{\"added\": {}}]"}}, {"model": "admin.logentry", "pk": 36, "fields": {"action_time": "2023-07-17T00:45:25.736Z", "user": 1, "content_type": 17, "object_id": "eef27d64-33c0-4868-947a-50710e49df3c", "object_repr": "Triple Sloth (100M)", "action_flag": 1, "change_message": "[{\"added\": {}}]"}}, {"model": "admin.logentry", "pk": 37, "fields": {"action_time": "2023-07-17T00:47:04.198Z", "user": 1, "content_type": 17, "object_id": "27134d46-e162-4e9e-8a22-f85de664984a", "object_repr": "Triple Sloth (TL072 or TL082)", "action_flag": 1, "change_message": "[{\"added\": {}}]"}}, {"model": "admin.logentry", "pk": 38, "fields": {"action_time": "2023-07-17T00:47:34.605Z", "user": 1, "content_type": 22, "object_id": "fca2b899-4400-4e5e-a2b1-70116e2919b6", "object_repr": "Small outline integrated circuit (SOIC)", "action_flag": 2, "change_message": "[{\"changed\": {\"fields\": [\"Name\"]}}]"}}, {"model": "admin.logentry", "pk": 39, "fields": {"action_time": "2023-07-17T00:48:39.452Z", "user": 1, "content_type": 17, "object_id": "9fbc80c9-695d-43d8-a9f6-b89dbfd5b293", "object_repr": "Triple Sloth (TL074 or TL084)", "action_flag": 1, "change_message": "[{\"added\": {}}]"}}, {"model": "admin.logentry", "pk": 40, "fields": {"action_time": "2023-07-17T00:49:34.536Z", "user": 1, "content_type": 17, "object_id": "07b44687-a501-4861-8246-d4c12c60f7bb", "object_repr": "Triple Sloth (Eurorack 10 pin power connector)", "action_flag": 1, "change_message": "[{\"added\": {}}]"}}, {"model": "admin.logentry", "pk": 41, "fields": {"action_time": "2023-07-17T01:09:26.888Z", "user": 1, "content_type": 17, "object_id": "722b28f2-93d9-474b-8507-7a459ebc47de", "object_repr": "Triple Sloth (10 Pin 2.54mm Single Row Pin Header Strip)", "action_flag": 1, "change_message": "[{\"added\": {}}]"}}, {"model": "admin.logentry", "pk": 42, "fields": {"action_time": "2023-07-17T01:10:00.940Z", "user": 1, "content_type": 17, "object_id": "1dfa2308-0547-4639-9ec4-94e3ee0b8dc2", "object_repr": "Triple Sloth (10 Pin 2.54mm Single Row Female Pin Header)", "action_flag": 1, "change_message": "[{\"added\": {}}]"}}, {"model": "admin.logentry", "pk": 43, "fields": {"action_time": "2023-07-17T01:11:25.948Z", "user": 1, "content_type": 17, "object_id": "ecd57c93-eb32-4a0d-928e-ced6505f967b", "object_repr": "Triple Sloth (S1JL or similar)", "action_flag": 1, "change_message": "[{\"added\": {}}]"}}, {"model": "admin.logentry", "pk": 44, "fields": {"action_time": "2023-07-17T01:12:34.285Z", "user": 1, "content_type": 17, "object_id": "9a128783-8762-46d3-bb7c-032d4b47165f", "object_repr": "Triple Sloth (LL4148)", "action_flag": 1, "change_message": "[{\"added\": {}}]"}}, {"model": "admin.logentry", "pk": 45, "fields": {"action_time": "2023-07-17T01:13:24.166Z", "user": 1, "content_type": 17, "object_id": "4eb23bdd-3ba1-4219-8fea-31edcfb32822", "object_repr": "Triple Sloth (10k POT)", "action_flag": 1, "change_message": "[{\"added\": {}}]"}}, {"model": "admin.logentry", "pk": 46, "fields": {"action_time": "2023-07-17T01:13:58.162Z", "user": 1, "content_type": 17, "object_id": "89758ff3-cdb7-4182-9030-d564085879c2", "object_repr": "Triple Sloth (100k POT)", "action_flag": 1, "change_message": "[{\"added\": {}}]"}}, {"model": "admin.logentry", "pk": 47, "fields": {"action_time": "2023-07-17T01:15:14.056Z", "user": 1, "content_type": 22, "object_id": "997b1ca5-8c66-4603-8071-5801fb99ae70", "object_repr": "Light-emitting diode (LED)", "action_flag": 1, "change_message": "[{\"added\": {}}]"}}, {"model": "admin.logentry", "pk": 48, "fields": {"action_time": "2023-07-17T01:15:34.339Z", "user": 1, "content_type": 17, "object_id": "9306136f-26c1-48e3-949c-147bf7f9dae7", "object_repr": "Triple Sloth (Bipolar two pin LED)", "action_flag": 1, "change_message": "[{\"added\": {}}]"}}, {"model": "admin.logentry", "pk": 49, "fields": {"action_time": "2023-07-17T01:16:40.595Z", "user": 1, "content_type": 17, "object_id": "82b6e64f-d31b-4924-9185-deef200e7e2d", "object_repr": "Triple Sloth (3.5MM SOCKET Kobiconn style)", "action_flag": 1, "change_message": "[{\"added\": {}}]"}}, {"model": "admin.logentry", "pk": 50, "fields": {"action_time": "2023-07-17T02:35:19.578Z", "user": 1, "content_type": 20, "object_id": "bbaa6488-cd37-4c8c-98ae-52333fb41a98", "object_repr": "Samsung", "action_flag": 1, "change_message": "[{\"added\": {}}]"}}, {"model": "admin.logentry", "pk": 51, "fields": {"action_time": "2023-07-17T02:36:38.384Z", "user": 1, "content_type": 21, "object_id": "387d0cb3-8402-45b3-b729-ce9d40b202d5", "object_repr": "Tayda Electronics", "action_flag": 1, "change_message": "[{\"added\": {}}]"}}, {"model": "admin.logentry", "pk": 52, "fields": {"action_time": "2023-07-17T02:38:47.585Z", "user": 1, "content_type": 23, "object_id": "746cbc1c-e850-4232-87b1-dff12bd89d88", "object_repr": "746cbc1c-e850-4232-87b1-dff12bd89d88 100NF 0.1UF 50V SMD CERAMIC CHIP CAPACITOR 0805 Capacitor (Tayda Electronics A-3511)", "action_flag": 1, "change_message": "[{\"added\": {}}]"}}, {"model": "admin.logentry", "pk": 53, "fields": {"action_time": "2023-07-17T02:40:02.533Z", "user": 1, "content_type": 17, "object_id": "66f66ca7-6e24-470d-ba99-32d28217a62c", "object_repr": "Triple Sloth (1µF)", "action_flag": 2, "change_message": "[{\"changed\": {\"fields\": [\"Components options\"]}}]"}}, {"model": "admin.logentry", "pk": 54, "fields": {"action_time": "2023-07-25T08:35:14.561Z", "user": 1, "content_type": 20, "object_id": "68f2fca8-c0dd-47de-840b-b5460d2dc260", "object_repr": "Kyocera AVX", "action_flag": 1, "change_message": "[{\"added\": {}}]"}}, {"model": "admin.logentry", "pk": 55, "fields": {"action_time": "2023-07-25T08:35:59.403Z", "user": 1, "content_type": 21, "object_id": "752bc340-90ee-451f-9b5b-db7065cdc107", "object_repr": "Mouser Electronics", "action_flag": 1, "change_message": "[{\"added\": {}}]"}}, {"model": "admin.logentry", "pk": 56, "fields": {"action_time": "2023-07-25T08:37:56.621Z", "user": 1, "content_type": 23, "object_id": "746cbc1c-e850-4232-87b1-dff12bd89d88", "object_repr": "1 uF -- Capacitor -- (Mouser Electronics 581-08055C105K4T4A)", "action_flag": 2, "change_message": "[{\"changed\": {\"fields\": [\"Description\", \"Manufacturer\", \"Manufacturer part no\", \"Supplier\", \"Supplier item no\", \"Price\", \"Link\"]}}]"}}, {"model": "admin.logentry", "pk": 57, "fields": {"action_time": "2023-07-25T08:41:27.846Z", "user": 1, "content_type": 20, "object_id": "90f6a2b9-86a9-4066-baed-1e2100ef16a3", "object_repr": "Murata Electronics", "action_flag": 1, "change_message": "[{\"added\": {}}]"}}, {"model": "admin.logentry", "pk": 58, "fields": {"action_time": "2023-07-25T08:48:27.009Z", "user": 1, "content_type": 23, "object_id": "b07286d4-0aa4-4eea-9c41-6b6ec4db106b", "object_repr": "10 uF -- Capacitor -- (Mouser Electronics 81-GCM21BD70J106KE2K)", "action_flag": 1, "change_message": "[{\"added\": {}}]"}}, {"model": "admin.logentry", "pk": 59, "fields": {"action_time": "2023-07-25T08:49:29.972Z", "user": 1, "content_type": 17, "object_id": "88704128-251d-4eb2-a561-ae477b6d3050", "object_repr": "Triple Sloth (10µF)", "action_flag": 2, "change_message": "[{\"changed\": {\"fields\": [\"Components options\"]}}]"}}, {"model": "admin.logentry", "pk": 60, "fields": {"action_time": "2023-07-25T08:55:37.682Z", "user": 1, "content_type": 20, "object_id": "1ec64235-8a98-4bc1-974e-37e8f584d1a8", "object_repr": "Royal Ohm", "action_flag": 1, "change_message": "[{\"added\": {}}]"}}, {"model": "admin.logentry", "pk": 61, "fields": {"action_time": "2023-07-25T09:00:07.490Z", "user": 1, "content_type": 23, "object_id": "1b661c9f-4c28-434b-9875-8a0e61541062", "object_repr": "470 OHM 1/8W 1% 0805 SMD CHIP RESISTORS -- Resistor -- (Tayda Electronics A-3057)", "action_flag": 1, "change_message": "[{\"added\": {}}]"}}, {"model": "admin.logentry", "pk": 62, "fields": {"action_time": "2023-07-25T19:57:29.969Z", "user": 1, "content_type": 17, "object_id": "fdbd03f3-cc47-4679-b287-19742e9df21f", "object_repr": "Triple Sloth (470Ω)", "action_flag": 2, "change_message": "[{\"changed\": {\"fields\": [\"Components options\"]}}]"}}, {"model": "admin.logentry", "pk": 63, "fields": {"action_time": "2023-07-27T05:25:56.634Z", "user": 1, "content_type": 23, "object_id": "abfee987-f00d-435f-ba2b-ffd51e73b717", "object_repr": "1.0K OHM 1/8W 1% 0805 SMD CHIP RESISTORS -- Resistor -- (Tayda Electronics A-3065)", "action_flag": 1, "change_message": "[{\"added\": {}}]"}}, {"model": "admin.logentry", "pk": 64, "fields": {"action_time": "2023-07-27T05:26:19.418Z", "user": 1, "content_type": 17, "object_id": "4e1742f7-0623-4731-8aa0-a82867c839cf", "object_repr": "Triple Sloth (1k)", "action_flag": 2, "change_message": "[{\"changed\": {\"fields\": [\"Components options\"]}}]"}}, {"model": "admin.logentry", "pk": 65, "fields": {"action_time": "2023-07-27T05:39:26.548Z", "user": 1, "content_type": 23, "object_id": "45cb4bf7-70ba-4367-bfd5-764077f27515", "object_repr": "4.7K OHM 1/8W 1% 0805 SMD CHIP RESISTORS -- Resistor -- (Tayda Electronics A-3081)", "action_flag": 1, "change_message": "[{\"added\": {}}]"}}, {"model": "admin.logentry", "pk": 66, "fields": {"action_time": "2023-07-27T05:39:55.678Z", "user": 1, "content_type": 17, "object_id": "e421ab7d-3822-4475-a522-bb1673102556", "object_repr": "Triple Sloth (4k7)", "action_flag": 2, "change_message": "[{\"changed\": {\"fields\": [\"Components options\"]}}]"}}, {"model": "admin.logentry", "pk": 67, "fields": {"action_time": "2023-07-27T05:49:01.605Z", "user": 1, "content_type": 23, "object_id": "0593ea83-1180-4741-b954-227115feac11", "object_repr": "100K OHM 1/8W 1% 0805 SMD CHIP RESISTORS -- Resistor -- (Tayda Electronics A-3113)", "action_flag": 1, "change_message": "[{\"added\": {}}]"}}, {"model": "admin.logentry", "pk": 68, "fields": {"action_time": "2023-07-27T05:49:19.526Z", "user": 1, "content_type": 17, "object_id": "9493fdfd-a81f-4f1f-926d-f15d2c1a3483", "object_repr": "Triple Sloth (100k)", "action_flag": 2, "change_message": "[{\"changed\": {\"fields\": [\"Components options\"]}}]"}}, {"model": "admin.logentry", "pk": 69, "fields": {"action_time": "2023-07-27T05:53:48.360Z", "user": 1, "content_type": 23, "object_id": "d3146b56-837b-4024-ac1c-cacfb82a29fb", "object_repr": "220K OHM 1/8W 1% 0805 SMD CHIP RESISTORS -- Resistor -- (Tayda Electronics A-3121)", "action_flag": 1, "change_message": "[{\"added\": {}}]"}}, {"model": "admin.logentry", "pk": 70, "fields": {"action_time": "2023-07-27T05:54:18.179Z", "user": 1, "content_type": 17, "object_id": "03d96f97-8025-4218-8ce6-9f320914279b", "object_repr": "Triple Sloth (220K)", "action_flag": 2, "change_message": "[{\"changed\": {\"fields\": [\"Components options\"]}}]"}}, {"model": "admin.logentry", "pk": 71, "fields": {"action_time": "2023-07-27T05:58:32.110Z", "user": 1, "content_type": 23, "object_id": "b7fb046a-ba49-45ff-b2b6-f504dbe1475e", "object_repr": "470K OHM 1/8W 1% 0805 SMD CHIP RESISTORS -- Resistor -- (Tayda Electronics A-3129)", "action_flag": 1, "change_message": "[{\"added\": {}}]"}}, {"model": "admin.logentry", "pk": 72, "fields": {"action_time": "2023-07-27T05:58:53.862Z", "user": 1, "content_type": 17, "object_id": "01aaa9f7-54c7-436f-89a2-eeb12b990769", "object_repr": "Triple Sloth (470K)", "action_flag": 2, "change_message": "[{\"changed\": {\"fields\": [\"Components options\"]}}]"}}, {"model": "admin.logentry", "pk": 73, "fields": {"action_time": "2023-07-27T06:01:55.065Z", "user": 1, "content_type": 23, "object_id": "769bc5eb-38a8-4d0f-ae04-43b20bc71258", "object_repr": "1.0M OHM 1/8W 1% 0805 SMD CHIP RESISTORS -- Resistor -- (Tayda Electronics A-3137)", "action_flag": 1, "change_message": "[{\"added\": {}}]"}}, {"model": "admin.logentry", "pk": 74, "fields": {"action_time": "2023-07-27T06:02:11.961Z", "user": 1, "content_type": 17, "object_id": "3957d68f-e0af-4818-93f6-241a3175c993", "object_repr": "Triple Sloth (1M)", "action_flag": 2, "change_message": "[{\"changed\": {\"fields\": [\"Components options\"]}}]"}}, {"model": "admin.logentry", "pk": 75, "fields": {"action_time": "2023-07-27T06:05:08.784Z", "user": 1, "content_type": 20, "object_id": "cb67e7f9-a3c6-4ad5-b90f-20ca9beb708f", "object_repr": "Vishay", "action_flag": 1, "change_message": "[{\"added\": {}}]"}}, {"model": "admin.logentry", "pk": 76, "fields": {"action_time": "2023-07-27T06:07:14.652Z", "user": 1, "content_type": 23, "object_id": "d624787d-4874-466d-b69f-c152a2291c74", "object_repr": "4.7M OHM 1/8W 1% 0805 SMD CHIP RESISTORS -- Resistor -- (Tayda Electronics A-3153)", "action_flag": 1, "change_message": "[{\"added\": {}}]"}}, {"model": "admin.logentry", "pk": 77, "fields": {"action_time": "2023-07-27T06:07:41.615Z", "user": 1, "content_type": 17, "object_id": "4730f80c-8eca-43a8-b757-78ddec6a1068", "object_repr": "Triple Sloth (4M7)", "action_flag": 2, "change_message": "[{\"changed\": {\"fields\": [\"Components options\"]}}]"}}, {"model": "admin.logentry", "pk": 78, "fields": {"action_time": "2023-07-27T06:09:54.386Z", "user": 1, "content_type": 23, "object_id": "573cc767-74ce-4b13-9faa-632e07582343", "object_repr": "6.8M OHM 1/8W 5% 0805 SMD CHIP RESISTORS -- Resistor -- (Tayda Electronics A-3392)", "action_flag": 1, "change_message": "[{\"added\": {}}]"}}, {"model": "admin.logentry", "pk": 79, "fields": {"action_time": "2023-07-27T06:10:28.401Z", "user": 1, "content_type": 17, "object_id": "857a338e-74e4-4da3-aa3f-36056cf77bdc", "object_repr": "Triple Sloth (6M8)", "action_flag": 2, "change_message": "[{\"changed\": {\"fields\": [\"Components options\"]}}]"}}, {"model": "admin.logentry", "pk": 80, "fields": {"action_time": "2023-07-27T06:12:18.246Z", "user": 1, "content_type": 23, "object_id": "cd245a98-aee4-4c1f-8943-65f1654b7542", "object_repr": "10M OHM 1/8W 1% 0805 SMD CHIP RESISTORS -- Resistor -- (Tayda Electronics 0805W8F1005T5E)", "action_flag": 1, "change_message": "[{\"added\": {}}]"}}, {"model": "admin.logentry", "pk": 81, "fields": {"action_time": "2023-07-27T06:12:50.634Z", "user": 1, "content_type": 17, "object_id": "84222576-b049-46e2-8946-95c3975bec77", "object_repr": "Triple Sloth (10M)", "action_flag": 2, "change_message": "[{\"changed\": {\"fields\": [\"Components options\"]}}]"}}, {"model": "admin.logentry", "pk": 82, "fields": {"action_time": "2023-07-27T06:24:09.561Z", "user": 1, "content_type": 20, "object_id": "0d3e993e-0657-4d85-972a-68de82354759", "object_repr": "ROHM Semiconductor", "action_flag": 1, "change_message": "[{\"added\": {}}]"}}, {"model": "admin.logentry", "pk": 83, "fields": {"action_time": "2023-07-27T06:26:03.625Z", "user": 1, "content_type": 23, "object_id": "640b2461-389e-416d-8aaf-fa71c92d42ae", "object_repr": "68M -- Resistor -- (Mouser Electronics 755-UCR10EVHFSR068)", "action_flag": 1, "change_message": "[{\"added\": {}}]"}}, {"model": "admin.logentry", "pk": 84, "fields": {"action_time": "2023-07-27T06:26:51.913Z", "user": 1, "content_type": 17, "object_id": "bfaf009c-6e1a-4bc7-8729-01d6f0f306fd", "object_repr": "Triple Sloth (68M)", "action_flag": 2, "change_message": "[{\"changed\": {\"fields\": [\"Components options\"]}}]"}}, {"model": "admin.logentry", "pk": 85, "fields": {"action_time": "2023-07-27T06:52:49.504Z", "user": 1, "content_type": 20, "object_id": "bebcd583-5d50-490f-8153-f1b2472d41aa", "object_repr": "YAGEO", "action_flag": 1, "change_message": "[{\"added\": {}}]"}}, {"model": "admin.logentry", "pk": 86, "fields": {"action_time": "2023-07-27T06:53:38.972Z", "user": 1, "content_type": 23, "object_id": "eff18e51-c211-4f56-a66a-28c3e4ee902f", "object_repr": "100M -- Resistor -- (Mouser Electronics 603-RC0805KR-07100ML)", "action_flag": 1, "change_message": "[{\"added\": {}}]"}}, {"model": "admin.logentry", "pk": 87, "fields": {"action_time": "2023-07-27T06:56:58.917Z", "user": 1, "content_type": 17, "object_id": "eef27d64-33c0-4868-947a-50710e49df3c", "object_repr": "Triple Sloth (100M)", "action_flag": 2, "change_message": "[{\"changed\": {\"fields\": [\"Components options\"]}}]"}}, {"model": "admin.logentry", "pk": 88, "fields": {"action_time": "2023-07-27T07:01:54.308Z", "user": 1, "content_type": 23, "object_id": "3367d260-14c2-4cdf-9b80-0ba3cc9f71dd", "object_repr": "TL072 DUAL OPERATIONAL AMPLIFIER J-FET SOIC-8 TL072ACDR -- Small outline integrated circuit (SOIC) -- (Tayda Electronics A-1136)", "action_flag": 1, "change_message": "[{\"added\": {}}]"}}, {"model": "admin.logentry", "pk": 89, "fields": {"action_time": "2023-07-27T07:03:11.934Z", "user": 1, "content_type": 23, "object_id": "09f36cb5-f83f-4155-8fd0-de5da26a47f0", "object_repr": "TL082 DUAL OPERATIONAL AMPLIFIER J-FET SOIC-8 TL082CDT -- Small outline integrated circuit (SOIC) -- (Tayda Electronics A-1139)", "action_flag": 1, "change_message": "[{\"added\": {}}]"}}, {"model": "admin.logentry", "pk": 90, "fields": {"action_time": "2023-07-27T07:03:40.261Z", "user": 1, "content_type": 17, "object_id": "9fbc80c9-695d-43d8-a9f6-b89dbfd5b293", "object_repr": "Triple Sloth (TL074 or TL084)", "action_flag": 2, "change_message": "[{\"changed\": {\"fields\": [\"Components options\"]}}]"}}, {"model": "admin.logentry", "pk": 91, "fields": {"action_time": "2023-07-27T07:07:17.606Z", "user": 1, "content_type": 20, "object_id": "ca54a138-9a12-440f-9e4c-8f2c48661508", "object_repr": "SGS-THOMSON", "action_flag": 1, "change_message": "[{\"added\": {}}]"}}, {"model": "admin.logentry", "pk": 92, "fields": {"action_time": "2023-07-27T07:09:15.582Z", "user": 1, "content_type": 23, "object_id": "690737c9-0bc1-4faf-a4f1-6e3203beb359", "object_repr": "TL074 QUAD OPERATIONAL AMPLIFIER J-FET SOIC-14 TL074CDT -- Small outline integrated circuit (SOIC) -- (Tayda Electronics A-1137)", "action_flag": 1, "change_message": "[{\"added\": {}}]"}}, {"model": "admin.logentry", "pk": 93, "fields": {"action_time": "2023-07-27T07:11:31.320Z", "user": 1, "content_type": 23, "object_id": "99b126e0-af3b-4bb2-b16d-05e44d7212e3", "object_repr": "TL084 QUAD OPERATIONAL AMPLIFIER J-FET SOIC-14 TL084CDT -- Small outline integrated circuit (SOIC) -- (Tayda Electronics A-1140)", "action_flag": 1, "change_message": "[{\"added\": {}}]"}}, {"model": "admin.logentry", "pk": 94, "fields": {"action_time": "2023-07-27T07:12:41.029Z", "user": 1, "content_type": 17, "object_id": "9fbc80c9-695d-43d8-a9f6-b89dbfd5b293", "object_repr": "Triple Sloth (TL074 or TL084)", "action_flag": 2, "change_message": "[{\"changed\": {\"fields\": [\"Components options\"]}}]"}}, {"model": "admin.logentry", "pk": 95, "fields": {"action_time": "2023-07-27T07:13:08.033Z", "user": 1, "content_type": 17, "object_id": "27134d46-e162-4e9e-8a22-f85de664984a", "object_repr": "Triple Sloth (TL072 or TL082)", "action_flag": 2, "change_message": "[{\"changed\": {\"fields\": [\"Components options\"]}}]"}}, {"model": "admin.logentry", "pk": 96, "fields": {"action_time": "2023-07-27T07:14:18.329Z", "user": 1, "content_type": 20, "object_id": "f3ca45b4-2c0d-42ef-8463-2868dfb5e54a", "object_repr": "GTK", "action_flag": 1, "change_message": "[{\"added\": {}}]"}}, {"model": "admin.logentry", "pk": 97, "fields": {"action_time": "2023-07-27T07:15:57.840Z", "user": 1, "content_type": 23, "object_id": "664e2869-64a7-4cd7-ae10-26cba4814b59", "object_repr": "2X40 PIN 2.54MM DOUBLE ROW PIN HEADER STRIP -- Pin Header Strip -- (Tayda Electronics A-198)", "action_flag": 1, "change_message": "[{\"added\": {}}]"}}, {"model": "admin.logentry", "pk": 98, "fields": {"action_time": "2023-07-27T07:16:22.145Z", "user": 1, "content_type": 17, "object_id": "07b44687-a501-4861-8246-d4c12c60f7bb", "object_repr": "Triple Sloth (Eurorack 10 pin power connector)", "action_flag": 2, "change_message": "[{\"changed\": {\"fields\": [\"Components options\"]}}]"}}, {"model": "admin.logentry", "pk": 99, "fields": {"action_time": "2023-07-27T07:20:16.507Z", "user": 1, "content_type": 23, "object_id": "0be3fbee-71c2-4ec6-8dce-e097da97270d", "object_repr": "10 Pin 2.54mm Single Row Pin Header Strip -- Pin Header Strip -- (Tayda Electronics A-197)", "action_flag": 1, "change_message": "[{\"added\": {}}]"}}, {"model": "admin.logentry", "pk": 100, "fields": {"action_time": "2023-07-27T07:20:45.462Z", "user": 1, "content_type": 23, "object_id": "664e2869-64a7-4cd7-ae10-26cba4814b59", "object_repr": "2X40 PIN 2.54MM DOUBLE ROW PIN HEADER STRIP -- Pin Header Strip -- (Tayda Electronics A-198)", "action_flag": 2, "change_message": "[{\"changed\": {\"fields\": [\"Mounting style\"]}}]"}}, {"model": "admin.logentry", "pk": 101, "fields": {"action_time": "2023-07-27T07:22:07.026Z", "user": 1, "content_type": 17, "object_id": "722b28f2-93d9-474b-8507-7a459ebc47de", "object_repr": "Triple Sloth (10 Pin 2.54mm Single Row Pin Header Strip)", "action_flag": 2, "change_message": "[{\"changed\": {\"fields\": [\"Components options\"]}}]"}}, {"model": "admin.logentry", "pk": 102, "fields": {"action_time": "2023-07-27T07:28:30.528Z", "user": 1, "content_type": 23, "object_id": "c637afc7-2458-429f-ad80-f18dbb8e7fd7", "object_repr": "10 PIN 2.54MM SINGLE ROW FEMALE PIN HEADER -- Pin Header Strip -- (Tayda Electronics A-1306)", "action_flag": 1, "change_message": "[{\"added\": {}}]"}}, {"model": "admin.logentry", "pk": 103, "fields": {"action_time": "2023-07-27T07:28:48.087Z", "user": 1, "content_type": 17, "object_id": "1dfa2308-0547-4639-9ec4-94e3ee0b8dc2", "object_repr": "Triple Sloth (10 Pin 2.54mm Single Row Female Pin Header)", "action_flag": 2, "change_message": "[{\"changed\": {\"fields\": [\"Components options\"]}}]"}}, {"model": "admin.logentry", "pk": 136, "fields": {"action_time": "2023-07-27T07:47:50.522Z", "user": 1, "content_type": 20, "object_id": "793699f9-e3b7-47f7-bc5f-a70ece5b55f3", "object_repr": "Taiwan Semiconductor", "action_flag": 1, "change_message": "[{\"added\": {}}]"}}, {"model": "admin.logentry", "pk": 137, "fields": {"action_time": "2023-07-27T07:49:08.639Z", "user": 1, "content_type": 23, "object_id": "3dc96eca-37f0-4c18-b472-4f5122ba1a17", "object_repr": "821-S1JL -- Diode -- (Mouser Electronics 821-S1JL)", "action_flag": 1, "change_message": "[{\"added\": {}}]"}}, {"model": "admin.logentry", "pk": 138, "fields": {"action_time": "2023-07-27T07:49:26.124Z", "user": 1, "content_type": 17, "object_id": "ecd57c93-eb32-4a0d-928e-ced6505f967b", "object_repr": "Triple Sloth (S1JL or similar)", "action_flag": 2, "change_message": "[{\"changed\": {\"fields\": [\"Components options\"]}}]"}}, {"model": "admin.logentry", "pk": 139, "fields": {"action_time": "2023-07-27T07:51:31.543Z", "user": 1, "content_type": 20, "object_id": "f838899e-b2d8-400b-b26e-a74c05542303", "object_repr": "onsemi", "action_flag": 1, "change_message": "[{\"added\": {}}]"}}, {"model": "admin.logentry", "pk": 140, "fields": {"action_time": "2023-07-27T07:52:51.645Z", "user": 1, "content_type": 23, "object_id": "3b9a05d4-5364-4896-bda8-75a5d055be17", "object_repr": "512-LL4148 -- Diode -- (Mouser Electronics 512-LL4148)", "action_flag": 1, "change_message": "[{\"added\": {}}]"}}, {"model": "admin.logentry", "pk": 141, "fields": {"action_time": "2023-07-27T07:53:13.028Z", "user": 1, "content_type": 17, "object_id": "9a128783-8762-46d3-bb7c-032d4b47165f", "object_repr": "Triple Sloth (LL4148)", "action_flag": 2, "change_message": "[{\"changed\": {\"fields\": [\"Components options\"]}}]"}}, {"model": "admin.logentry", "pk": 142, "fields": {"action_time": "2023-07-27T07:54:26.434Z", "user": 1, "content_type": 20, "object_id": "b489f08f-e573-464c-a701-ab1eedb6bbe2", "object_repr": "ALPHA", "action_flag": 1, "change_message": "[{\"added\": {}}]"}}, {"model": "admin.logentry", "pk": 143, "fields": {"action_time": "2023-07-27T07:56:02.586Z", "user": 1, "content_type": 23, "object_id": "2f1707b6-cfec-4a56-b6f7-9390e5bbaa57", "object_repr": "10K OHM LINEAR TAPER POTENTIOMETER ROUND SHAFT PCB 9MM -- Potentiometer -- (Tayda Electronics A-1847)", "action_flag": 1, "change_message": "[{\"added\": {}}]"}}, {"model": "admin.logentry", "pk": 144, "fields": {"action_time": "2023-07-27T07:56:58.914Z", "user": 1, "content_type": 17, "object_id": "4eb23bdd-3ba1-4219-8fea-31edcfb32822", "object_repr": "Triple Sloth (10k POT)", "action_flag": 2, "change_message": "[{\"changed\": {\"fields\": [\"Components options\"]}}]"}}, {"model": "admin.logentry", "pk": 145, "fields": {"action_time": "2023-07-27T07:59:11.454Z", "user": 1, "content_type": 23, "object_id": "8c27e23e-e851-41aa-b25f-f3402d007c77", "object_repr": "100K OHM LINEAR TAPER POTENTIOMETER ROUND SHAFT PCB 9MM -- Potentiometer -- (Tayda Electronics A-1848)", "action_flag": 1, "change_message": "[{\"added\": {}}]"}}, {"model": "admin.logentry", "pk": 146, "fields": {"action_time": "2023-07-27T07:59:41.663Z", "user": 1, "content_type": 17, "object_id": "89758ff3-cdb7-4182-9030-d564085879c2", "object_repr": "Triple Sloth (100k POT)", "action_flag": 2, "change_message": "[{\"changed\": {\"fields\": [\"Components options\"]}}]"}}, {"model": "admin.logentry", "pk": 147, "fields": {"action_time": "2023-07-27T15:46:46.344Z", "user": 1, "content_type": 27, "object_id": "ed314ca9-65a9-406a-a724-bca0673fd7dd", "object_repr": "Triple Sloth - Stacked PCBs (earlier version)", "action_flag": 1, "change_message": "[{\"added\": {}}]"}}, {"model": "admin.logentry", "pk": 148, "fields": {"action_time": "2023-07-27T15:47:00.312Z", "user": 1, "content_type": 27, "object_id": "d31a8cba-dc2d-48a2-a5e7-048c91b8e8fb", "object_repr": "Triple Sloth - Version 22 (later version)", "action_flag": 1, "change_message": "[{\"added\": {}}]"}}, {"model": "admin.logentry", "pk": 149, "fields": {"action_time": "2023-07-27T15:47:15.870Z", "user": 1, "content_type": 17, "object_id": "fdbd03f3-cc47-4679-b287-19742e9df21f", "object_repr": "Triple Sloth (470Ω)", "action_flag": 2, "change_message": "[{\"changed\": {\"fields\": [\"Pcb version\"]}}]"}}, {"model": "admin.logentry", "pk": 150, "fields": {"action_time": "2023-07-27T15:47:21.415Z", "user": 1, "content_type": 17, "object_id": "eef27d64-33c0-4868-947a-50710e49df3c", "object_repr": "Triple Sloth (100M)", "action_flag": 2, "change_message": "[{\"changed\": {\"fields\": [\"Pcb version\"]}}]"}}, {"model": "admin.logentry", "pk": 151, "fields": {"action_time": "2023-07-27T15:47:27.403Z", "user": 1, "content_type": 17, "object_id": "ecd57c93-eb32-4a0d-928e-ced6505f967b", "object_repr": "Triple Sloth (S1JL or similar)", "action_flag": 2, "change_message": "[{\"changed\": {\"fields\": [\"Pcb version\"]}}]"}}, {"model": "admin.logentry", "pk": 152, "fields": {"action_time": "2023-07-27T16:02:06.214Z", "user": 1, "content_type": 17, "object_id": "e421ab7d-3822-4475-a522-bb1673102556", "object_repr": "Triple Sloth (4k7)", "action_flag": 2, "change_message": "[{\"changed\": {\"fields\": [\"Pcb version\"]}}]"}}, {"model": "admin.logentry", "pk": 153, "fields": {"action_time": "2023-07-27T16:02:12.785Z", "user": 1, "content_type": 17, "object_id": "bfaf009c-6e1a-4bc7-8729-01d6f0f306fd", "object_repr": "Triple Sloth (68M)", "action_flag": 2, "change_message": "[{\"changed\": {\"fields\": [\"Pcb version\"]}}]"}}, {"model": "admin.logentry", "pk": 154, "fields": {"action_time": "2023-07-27T16:11:20.408Z", "user": 1, "content_type": 17, "object_id": "9fbc80c9-695d-43d8-a9f6-b89dbfd5b293", "object_repr": "Triple Sloth -- Stacked PCBs (earlier version) -- (TL074 or TL084)", "action_flag": 2, "change_message": "[{\"changed\": {\"fields\": [\"Pcb version\"]}}]"}}, {"model": "admin.logentry", "pk": 155, "fields": {"action_time": "2023-07-27T16:11:25.874Z", "user": 1, "content_type": 17, "object_id": "9a128783-8762-46d3-bb7c-032d4b47165f", "object_repr": "Triple Sloth -- Stacked PCBs (earlier version) -- (LL4148)", "action_flag": 2, "change_message": "[{\"changed\": {\"fields\": [\"Pcb version\"]}}]"}}, {"model": "admin.logentry", "pk": 156, "fields": {"action_time": "2023-07-27T16:11:30.664Z", "user": 1, "content_type": 17, "object_id": "9493fdfd-a81f-4f1f-926d-f15d2c1a3483", "object_repr": "Triple Sloth -- Stacked PCBs (earlier version) -- (100k)", "action_flag": 2, "change_message": "[{\"changed\": {\"fields\": [\"Pcb version\"]}}]"}}, {"model": "admin.logentry", "pk": 157, "fields": {"action_time": "2023-07-27T16:11:36.509Z", "user": 1, "content_type": 17, "object_id": "9306136f-26c1-48e3-949c-147bf7f9dae7", "object_repr": "Triple Sloth -- Stacked PCBs (earlier version) -- (Bipolar two pin LED)", "action_flag": 2, "change_message": "[{\"changed\": {\"fields\": [\"Pcb version\"]}}]"}}, {"model": "admin.logentry", "pk": 158, "fields": {"action_time": "2023-07-27T16:11:42.057Z", "user": 1, "content_type": 17, "object_id": "89758ff3-cdb7-4182-9030-d564085879c2", "object_repr": "Triple Sloth -- Stacked PCBs (earlier version) -- (100k POT)", "action_flag": 2, "change_message": "[{\"changed\": {\"fields\": [\"Pcb version\"]}}]"}}, {"model": "admin.logentry", "pk": 159, "fields": {"action_time": "2023-07-27T16:11:47.233Z", "user": 1, "content_type": 17, "object_id": "88704128-251d-4eb2-a561-ae477b6d3050", "object_repr": "Triple Sloth -- Stacked PCBs (earlier version) -- (10µF)", "action_flag": 2, "change_message": "[{\"changed\": {\"fields\": [\"Pcb version\"]}}]"}}, {"model": "admin.logentry", "pk": 160, "fields": {"action_time": "2023-07-27T16:11:52.304Z", "user": 1, "content_type": 17, "object_id": "857a338e-74e4-4da3-aa3f-36056cf77bdc", "object_repr": "Triple Sloth -- Stacked PCBs (earlier version) -- (6M8)", "action_flag": 2, "change_message": "[{\"changed\": {\"fields\": [\"Pcb version\"]}}]"}}, {"model": "admin.logentry", "pk": 161, "fields": {"action_time": "2023-07-27T16:11:57.341Z", "user": 1, "content_type": 17, "object_id": "84222576-b049-46e2-8946-95c3975bec77", "object_repr": "Triple Sloth -- Stacked PCBs (earlier version) -- (10M)", "action_flag": 2, "change_message": "[{\"changed\": {\"fields\": [\"Pcb version\"]}}]"}}, {"model": "admin.logentry", "pk": 162, "fields": {"action_time": "2023-07-27T16:12:04.449Z", "user": 1, "content_type": 17, "object_id": "8368f7ac-24c8-4ea0-a8a5-840da8784471", "object_repr": "Triple Sloth -- Stacked PCBs (earlier version) -- (-)", "action_flag": 2, "change_message": "[{\"changed\": {\"fields\": [\"Pcb version\"]}}]"}}, {"model": "admin.logentry", "pk": 163, "fields": {"action_time": "2023-07-27T16:12:10.229Z", "user": 1, "content_type": 17, "object_id": "82b6e64f-d31b-4924-9185-deef200e7e2d", "object_repr": "Triple Sloth -- Stacked PCBs (earlier version) -- (3.5MM SOCKET Kobiconn style)", "action_flag": 2, "change_message": "[{\"changed\": {\"fields\": [\"Pcb version\"]}}]"}}, {"model": "admin.logentry", "pk": 164, "fields": {"action_time": "2023-07-27T16:12:15.324Z", "user": 1, "content_type": 17, "object_id": "722b28f2-93d9-474b-8507-7a459ebc47de", "object_repr": "Triple Sloth -- Stacked PCBs (earlier version) -- (10 Pin 2.54mm Single Row Pin Header Strip)", "action_flag": 2, "change_message": "[{\"changed\": {\"fields\": [\"Pcb version\"]}}]"}}, {"model": "admin.logentry", "pk": 165, "fields": {"action_time": "2023-07-27T16:12:20.594Z", "user": 1, "content_type": 17, "object_id": "66f66ca7-6e24-470d-ba99-32d28217a62c", "object_repr": "Triple Sloth -- Stacked PCBs (earlier version) -- (1µF)", "action_flag": 2, "change_message": "[{\"changed\": {\"fields\": [\"Pcb version\"]}}]"}}, {"model": "admin.logentry", "pk": 166, "fields": {"action_time": "2023-07-27T16:12:25.330Z", "user": 1, "content_type": 17, "object_id": "4eb23bdd-3ba1-4219-8fea-31edcfb32822", "object_repr": "Triple Sloth -- Stacked PCBs (earlier version) -- (10k POT)", "action_flag": 2, "change_message": "[{\"changed\": {\"fields\": [\"Pcb version\"]}}]"}}, {"model": "admin.logentry", "pk": 167, "fields": {"action_time": "2023-07-27T16:12:30.427Z", "user": 1, "content_type": 17, "object_id": "4e1742f7-0623-4731-8aa0-a82867c839cf", "object_repr": "Triple Sloth -- Stacked PCBs (earlier version) -- (1k)", "action_flag": 2, "change_message": "[{\"changed\": {\"fields\": [\"Pcb version\"]}}]"}}, {"model": "admin.logentry", "pk": 168, "fields": {"action_time": "2023-07-27T16:12:41.108Z", "user": 1, "content_type": 17, "object_id": "4730f80c-8eca-43a8-b757-78ddec6a1068", "object_repr": "Triple Sloth -- Stacked PCBs (earlier version) -- (4M7)", "action_flag": 2, "change_message": "[{\"changed\": {\"fields\": [\"Pcb version\"]}}]"}}, {"model": "admin.logentry", "pk": 169, "fields": {"action_time": "2023-07-27T16:12:46.768Z", "user": 1, "content_type": 17, "object_id": "3957d68f-e0af-4818-93f6-241a3175c993", "object_repr": "Triple Sloth -- Stacked PCBs (earlier version) -- (1M)", "action_flag": 2, "change_message": "[{\"changed\": {\"fields\": [\"Pcb version\"]}}]"}}, {"model": "admin.logentry", "pk": 170, "fields": {"action_time": "2023-07-27T16:12:51.997Z", "user": 1, "content_type": 17, "object_id": "27134d46-e162-4e9e-8a22-f85de664984a", "object_repr": "Triple Sloth -- Stacked PCBs (earlier version) -- (TL072 or TL082)", "action_flag": 2, "change_message": "[{\"changed\": {\"fields\": [\"Pcb version\"]}}]"}}, {"model": "admin.logentry", "pk": 171, "fields": {"action_time": "2023-07-27T16:12:58.856Z", "user": 1, "content_type": 17, "object_id": "1dfa2308-0547-4639-9ec4-94e3ee0b8dc2", "object_repr": "Triple Sloth -- Stacked PCBs (earlier version) -- (10 Pin 2.54mm Single Row Female Pin Header)", "action_flag": 2, "change_message": "[{\"changed\": {\"fields\": [\"Pcb version\"]}}]"}}, {"model": "admin.logentry", "pk": 172, "fields": {"action_time": "2023-07-27T16:13:04.976Z", "user": 1, "content_type": 17, "object_id": "07b44687-a501-4861-8246-d4c12c60f7bb", "object_repr": "Triple Sloth -- Stacked PCBs (earlier version) -- (Eurorack 10 pin power connector)", "action_flag": 2, "change_message": "[{\"changed\": {\"fields\": [\"Pcb version\"]}}]"}}, {"model": "admin.logentry", "pk": 173, "fields": {"action_time": "2023-07-27T16:13:12.712Z", "user": 1, "content_type": 17, "object_id": "03d96f97-8025-4218-8ce6-9f320914279b", "object_repr": "Triple Sloth -- Stacked PCBs (earlier version) -- (220K)", "action_flag": 2, "change_message": "[{\"changed\": {\"fields\": [\"Pcb version\"]}}]"}}, {"model": "admin.logentry", "pk": 174, "fields": {"action_time": "2023-07-27T16:13:19.494Z", "user": 1, "content_type": 17, "object_id": "01aaa9f7-54c7-436f-89a2-eeb12b990769", "object_repr": "Triple Sloth -- Stacked PCBs (earlier version) -- (470K)", "action_flag": 2, "change_message": "[{\"changed\": {\"fields\": [\"Pcb version\"]}}]"}}, {"model": "admin.logentry", "pk": 175, "fields": {"action_time": "2023-07-28T01:52:46.216Z", "user": 1, "content_type": 17, "object_id": "fdbd03f3-cc47-4679-b287-19742e9df21f", "object_repr": "Triple Sloth -- Stacked PCBs (earlier version) & Version 22 (later version) -- (470Ω)", "action_flag": 2, "change_message": "[{\"changed\": {\"fields\": [\"Pcb version\"]}}]"}}, {"model": "admin.logentry", "pk": 176, "fields": {"action_time": "2023-07-31T19:35:01.181Z", "user": 1, "content_type": 27, "object_id": "d31a8cba-dc2d-48a2-a5e7-048c91b8e8fb", "object_repr": "Triple Sloth - Version 22 (later version) - 1", "action_flag": 2, "change_message": "[{\"changed\": {\"fields\": [\"Order\"]}}]"}}, {"model": "admin.logentry", "pk": 177, "fields": {"action_time": "2023-07-31T22:15:27.019Z", "user": 1, "content_type": 17, "object_id": "fdbd03f3-cc47-4679-b287-19742e9df21f", "object_repr": "Triple Sloth -- Version 22 (later version) -- (470Ω)", "action_flag": 2, "change_message": "[{\"changed\": {\"fields\": [\"Pcb version\"]}}]"}}, {"model": "admin.logentry", "pk": 178, "fields": {"action_time": "2023-07-31T22:15:35.681Z", "user": 1, "content_type": 17, "object_id": "01aaa9f7-54c7-436f-89a2-eeb12b990769", "object_repr": "Triple Sloth -- Stacked PCBs (earlier version) -- (470K)", "action_flag": 2, "change_message": "[]"}}, {"model": "admin.logentry", "pk": 179, "fields": {"action_time": "2023-07-31T22:23:02.337Z", "user": 1, "content_type": 17, "object_id": "01aaa9f7-54c7-436f-89a2-eeb12b990769", "object_repr": "Triple Sloth -- Version 22 (later version) -- (470K)", "action_flag": 2, "change_message": "[{\"changed\": {\"fields\": [\"Pcb version\"]}}]"}}, {"model": "admin.logentry", "pk": 180, "fields": {"action_time": "2023-07-31T22:23:52.642Z", "user": 1, "content_type": 17, "object_id": "01aaa9f7-54c7-436f-89a2-eeb12b990769", "object_repr": "Triple Sloth -- Stacked PCBs (earlier version) -- (470K)", "action_flag": 2, "change_message": "[{\"changed\": {\"fields\": [\"Pcb version\"]}}]"}}, {"model": "admin.logentry", "pk": 181, "fields": {"action_time": "2023-07-31T22:24:10.449Z", "user": 1, "content_type": 17, "object_id": "fdbd03f3-cc47-4679-b287-19742e9df21f", "object_repr": "Triple Sloth -- Stacked PCBs (earlier version) -- (470Ω)", "action_flag": 2, "change_message": "[{\"changed\": {\"fields\": [\"Pcb version\"]}}]"}}, {"model": "admin.logentry", "pk": 182, "fields": {"action_time": "2023-07-31T22:29:43.183Z", "user": 1, "content_type": 17, "object_id": "fdbd03f3-cc47-4679-b287-19742e9df21f", "object_repr": "Triple Sloth -- Version 22 (later version) -- (470Ω)", "action_flag": 2, "change_message": "[{\"changed\": {\"fields\": [\"Pcb version\"]}}]"}}, {"model": "admin.logentry", "pk": 183, "fields": {"action_time": "2023-08-04T06:15:58.367Z", "user": 1, "content_type": 60, "object_id": "1", "object_repr": "Page object (1)", "action_flag": 1, "change_message": "[{\"added\": {}}]"}}, {"model": "admin.logentry", "pk": 184, "fields": {"action_time": "2023-08-04T06:23:43.196Z", "user": 1, "content_type": 60, "object_id": "1", "object_repr": "About", "action_flag": 2, "change_message": "[{\"changed\": {\"fields\": [\"Content\"]}}]"}}, {"model": "admin.logentry", "pk": 185, "fields": {"action_time": "2023-08-04T06:47:52.532Z", "user": 1, "content_type": 60, "object_id": "1", "object_repr": "About", "action_flag": 2, "change_message": "[{\"changed\": {\"fields\": [\"Content\"]}}]"}}, {"model": "admin.logentry", "pk": 186, "fields": {"action_time": "2023-08-04T06:48:48.265Z", "user": 1, "content_type": 60, "object_id": "1", "object_repr": "About", "action_flag": 2, "change_message": "[{\"changed\": {\"fields\": [\"Content\"]}}]"}}, {"model": "admin.logentry", "pk": 187, "fields": {"action_time": "2023-08-04T06:51:20.314Z", "user": 1, "content_type": 60, "object_id": "1", "object_repr": "About", "action_flag": 2, "change_message": "[]"}}, {"model": "admin.logentry", "pk": 188, "fields": {"action_time": "2023-08-06T05:53:42.979Z", "user": 1, "content_type": 60, "object_id": "1", "object_repr": "About", "action_flag": 2, "change_message": "[{\"changed\": {\"fields\": [\"Content\"]}}]"}}, {"model": "admin.logentry", "pk": 189, "fields": {"action_time": "2023-08-06T05:59:58.784Z", "user": 1, "content_type": 60, "object_id": "1", "object_repr": "About", "action_flag": 2, "change_message": "[{\"changed\": {\"fields\": [\"Content\"]}}]"}}, {"model": "admin.logentry", "pk": 190, "fields": {"action_time": "2023-08-06T06:00:49.613Z", "user": 1, "content_type": 60, "object_id": "1", "object_repr": "About", "action_flag": 2, "change_message": "[{\"changed\": {\"fields\": [\"Content\"]}}]"}}, {"model": "admin.logentry", "pk": 191, "fields": {"action_time": "2023-08-06T06:51:32.766Z", "user": 1, "content_type": 17, "object_id": "31936716-b168-4d52-a503-49babebb42e5", "object_repr": "Triple Sloth -- Version 22 (later version) -- (1µF)", "action_flag": 1, "change_message": "[{\"added\": {}}]"}}, {"model": "admin.logentry", "pk": 192, "fields": {"action_time": "2023-08-06T06:52:47.038Z", "user": 1, "content_type": 17, "object_id": "59535806-1549-4354-94aa-a85cebdb3af8", "object_repr": "Triple Sloth -- Version 22 (later version) -- (10µF)", "action_flag": 1, "change_message": "[{\"added\": {}}]"}}, {"model": "admin.logentry", "pk": 193, "fields": {"action_time": "2023-08-06T07:00:07.845Z", "user": 1, "content_type": 23, "object_id": "6c69c361-74ef-42da-8e82-b25a1e625dd1", "object_repr": "10 uF -- Capacitor -- (Mouser Electronics 81-GRM21BC71E106ME1L)", "action_flag": 1, "change_message": "[{\"added\": {}}]"}}, {"model": "admin.logentry", "pk": 194, "fields": {"action_time": "2023-08-06T07:02:45.732Z", "user": 1, "content_type": 17, "object_id": "59535806-1549-4354-94aa-a85cebdb3af8", "object_repr": "Triple Sloth -- Version 22 (later version) -- (10µF)", "action_flag": 2, "change_message": "[{\"changed\": {\"fields\": [\"Components options\"]}}]"}}, {"model": "admin.logentry", "pk": 195, "fields": {"action_time": "2023-08-06T07:03:13.186Z", "user": 1, "content_type": 17, "object_id": "88704128-251d-4eb2-a561-ae477b6d3050", "object_repr": "Triple Sloth -- Stacked PCBs (earlier version) -- (10µF)", "action_flag": 2, "change_message": "[{\"changed\": {\"fields\": [\"Components options\"]}}]"}}, {"model": "admin.logentry", "pk": 196, "fields": {"action_time": "2023-08-06T07:08:28.531Z", "user": 1, "content_type": 17, "object_id": "0f282eeb-b7b7-4c3e-a71f-d1c22cd62c52", "object_repr": "Triple Sloth -- Version 22 (later version) -- (1k)", "action_flag": 1, "change_message": "[{\"added\": {}}]"}}, {"model": "admin.logentry", "pk": 197, "fields": {"action_time": "2023-08-06T07:15:52.699Z", "user": 1, "content_type": 17, "object_id": "e0cfc629-4dc9-4b07-8aaa-3f7851c93a5b", "object_repr": "Triple Sloth -- Version 22 (later version) -- (4k7 / RL)", "action_flag": 1, "change_message": "[{\"added\": {}}]"}}, {"model": "admin.logentry", "pk": 198, "fields": {"action_time": "2023-08-06T07:22:37.837Z", "user": 1, "content_type": 17, "object_id": "5a17cc95-b167-4ed4-b7f6-24691ed724e0", "object_repr": "Triple Sloth -- Version 22 (later version) -- (100k)", "action_flag": 1, "change_message": "[{\"added\": {}}]"}}, {"model": "admin.logentry", "pk": 199, "fields": {"action_time": "2023-08-06T07:23:50.432Z", "user": 1, "content_type": 17, "object_id": "42c6aec2-d151-4941-9657-72c8781ea2c5", "object_repr": "Triple Sloth -- Version 22 (later version) -- (220K)", "action_flag": 1, "change_message": "[{\"added\": {}}]"}}, {"model": "admin.logentry", "pk": 200, "fields": {"action_time": "2023-08-06T07:24:35.055Z", "user": 1, "content_type": 17, "object_id": "3fc17dd7-49f7-49f1-99f3-668b0ee22e6b", "object_repr": "Triple Sloth -- Version 22 (later version) -- (470K)", "action_flag": 1, "change_message": "[{\"added\": {}}]"}}, {"model": "admin.logentry", "pk": 201, "fields": {"action_time": "2023-08-06T07:25:42.514Z", "user": 1, "content_type": 17, "object_id": "f0dc6762-0df2-45f7-ab09-b0e6bfe5288a", "object_repr": "Triple Sloth -- Version 22 (later version) -- (1M)", "action_flag": 1, "change_message": "[{\"added\": {}}]"}}, {"model": "admin.logentry", "pk": 202, "fields": {"action_time": "2023-08-06T07:31:30.873Z", "user": 1, "content_type": 15, "object_id": "cc8209b3-6bab-4f53-94ea-dd4d6541a018", "object_repr": "4hp Mix - Nonlinearcircuits", "action_flag": 1, "change_message": "[{\"added\": {}}]"}}, {"model": "admin.logentry", "pk": 203, "fields": {"action_time": "2023-08-06T07:33:46.658Z", "user": 1, "content_type": 27, "object_id": "918a59e0-55ee-4f95-b7de-a6028f352faa", "object_repr": "4hp Mix - 1 - 0", "action_flag": 1, "change_message": "[{\"added\": {}}]"}}, {"model": "admin.logentry", "pk": 204, "fields": {"action_time": "2023-08-06T07:34:12.793Z", "user": 1, "content_type": 17, "object_id": "ae5fc707-06f1-4dd7-ae5a-1bdde166e883", "object_repr": "4hp Mix -- 1 -- (10µF)", "action_flag": 1, "change_message": "[{\"added\": {}}]"}}, {"model": "admin.logentry", "pk": 205, "fields": {"action_time": "2023-08-06T07:35:39.995Z", "user": 1, "content_type": 17, "object_id": "ae5fc707-06f1-4dd7-ae5a-1bdde166e883", "object_repr": "4hp Mix -- 1 -- (10µF)", "action_flag": 2, "change_message": "[{\"changed\": {\"fields\": [\"Components options\"]}}]"}}, {"model": "admin.logentry", "pk": 206, "fields": {"action_time": "2023-08-06T16:37:10.875Z", "user": 1, "content_type": 17, "object_id": "dfc8265e-25c7-45a1-ad36-259985b85c13", "object_repr": "4hp Mix -- 1 -- (1k)", "action_flag": 1, "change_message": "[{\"added\": {}}]"}}, {"model": "admin.logentry", "pk": 207, "fields": {"action_time": "2023-08-06T16:37:43.542Z", "user": 1, "content_type": 17, "object_id": "2e224975-a791-4189-b9b3-5c4c99356348", "object_repr": "4hp Mix -- 1 -- (100k)", "action_flag": 1, "change_message": "[{\"added\": {}}]"}}, {"model": "admin.logentry", "pk": 208, "fields": {"action_time": "2023-08-06T17:21:34.960Z", "user": 1, "content_type": 17, "object_id": "ffac3bf1-d405-44a6-8b91-5974a0a39031", "object_repr": "4hp Mix -- 1 -- (TL072 or TL082)", "action_flag": 1, "change_message": "[{\"added\": {}}]"}}, {"model": "admin.logentry", "pk": 209, "fields": {"action_time": "2023-08-06T18:48:42.736Z", "user": 1, "content_type": 17, "object_id": "995ffb96-aa5e-43f5-ac85-915306bff7bd", "object_repr": "4hp Mix -- 1 -- (Eurorack 10 pin power connector)", "action_flag": 1, "change_message": "[{\"added\": {}}]"}}, {"model": "admin.logentry", "pk": 210, "fields": {"action_time": "2023-08-06T18:49:46.799Z", "user": 1, "content_type": 17, "object_id": "995ffb96-aa5e-43f5-ac85-915306bff7bd", "object_repr": "4hp Mix -- 1 -- (Eurorack 10 pin power connector)", "action_flag": 2, "change_message": "[{\"changed\": {\"fields\": [\"Components options\"]}}]"}}, {"model": "admin.logentry", "pk": 211, "fields": {"action_time": "2023-08-06T18:52:52.167Z", "user": 1, "content_type": 17, "object_id": "995ffb96-aa5e-43f5-ac85-915306bff7bd", "object_repr": "4hp Mix -- 1 -- (Eurorack 10 pin power connector)", "action_flag": 2, "change_message": "[{\"changed\": {\"fields\": [\"Components options\"]}}]"}}, {"model": "admin.logentry", "pk": 212, "fields": {"action_time": "2023-08-06T19:34:34.499Z", "user": 1, "content_type": 20, "object_id": "f4197dbb-446d-4b67-b28f-f9bf8ed7699d", "object_repr": "Nexperia", "action_flag": 1, "change_message": "[{\"added\": {}}]"}}, {"model": "admin.logentry", "pk": 213, "fields": {"action_time": "2023-08-06T19:35:49.032Z", "user": 1, "content_type": 23, "object_id": "49e5488b-1a11-4a2d-a496-b63db483dbac", "object_repr": "Schottky Rectifiers -- Diode -- (Mouser Electronics 841-PMEG2005EGWX)", "action_flag": 1, "change_message": "[{\"added\": {}}]"}}, {"model": "admin.logentry", "pk": 214, "fields": {"action_time": "2023-08-06T19:38:19.326Z", "user": 1, "content_type": 23, "object_id": "2e8790e6-d7c2-4d68-8c9b-7d692cff591b", "object_repr": "Schottky Rectifier -- Diode -- (Mouser Electronics 771-PMEG2005EH-T/R)", "action_flag": 1, "change_message": "[{\"added\": {}}]"}}, {"model": "admin.logentry", "pk": 215, "fields": {"action_time": "2023-08-06T19:38:32.014Z", "user": 1, "content_type": 17, "object_id": "d7ad5b6f-0eb7-47fb-a358-77023445f8d0", "object_repr": "4hp Mix -- 1 -- (Schottky, power rectifier or 10R)", "action_flag": 1, "change_message": "[{\"added\": {}}]"}}, {"model": "admin.logentry", "pk": 216, "fields": {"action_time": "2023-08-06T19:42:31.780Z", "user": 1, "content_type": 20, "object_id": "cd7c7cb1-3787-4592-a55b-c24019685249", "object_repr": "Tayda Electronics", "action_flag": 1, "change_message": "[{\"added\": {}}]"}}, {"model": "admin.logentry", "pk": 217, "fields": {"action_time": "2023-08-06T19:45:25.133Z", "user": 1, "content_type": 23, "object_id": "78cbb271-fa4c-4ea8-91ed-318a02f015bd", "object_repr": "3.5MM ENCLOSED SOCKET -- Jack -- (Tayda Electronics A-865)", "action_flag": 1, "change_message": "[{\"added\": {}}]"}}, {"model": "admin.logentry", "pk": 218, "fields": {"action_time": "2023-08-06T19:48:03.872Z", "user": 1, "content_type": 21, "object_id": "a5837b68-cd6e-4881-bf11-ffc76d7aa4c4", "object_repr": "Thonk", "action_flag": 1, "change_message": "[{\"added\": {}}]"}}, {"model": "admin.logentry", "pk": 219, "fields": {"action_time": "2023-08-06T19:50:07.607Z", "user": 1, "content_type": 20, "object_id": "4e2f005f-4faf-46f4-8644-7838d5b3ec96", "object_repr": "Thonk", "action_flag": 1, "change_message": "[{\"added\": {}}]"}}, {"model": "admin.logentry", "pk": 220, "fields": {"action_time": "2023-08-06T19:50:25.349Z", "user": 1, "content_type": 23, "object_id": "ee607b23-3f8e-451a-bf1d-c7520c406a1d", "object_repr": "Thonkiconn Jacks -- Jack -- (Thonk PJ398SM)", "action_flag": 1, "change_message": "[{\"added\": {}}]"}}, {"model": "admin.logentry", "pk": 221, "fields": {"action_time": "2023-08-06T19:51:00.617Z", "user": 1, "content_type": 17, "object_id": "63c3b631-6b43-4e76-9a0c-0c37e66c1b35", "object_repr": "4hp Mix -- 1 -- (3.5MM SOCKET Kobiconn style)", "action_flag": 1, "change_message": "[{\"added\": {}}]"}}, {"model": "admin.logentry", "pk": 222, "fields": {"action_time": "2023-08-06T19:52:38.200Z", "user": 1, "content_type": 17, "object_id": "b0083bd9-a9e5-4273-ac76-8458293f4d79", "object_repr": "4hp Mix -- 1 -- (100k (B) pot)", "action_flag": 1, "change_message": "[{\"added\": {}}]"}}, {"model": "admin.logentry", "pk": 223, "fields": {"action_time": "2023-08-06T19:53:35.057Z", "user": 1, "content_type": 23, "object_id": "49e5488b-1a11-4a2d-a496-b63db483dbac", "object_repr": "Schottky Rectifier -- Diode -- (Mouser Electronics 841-PMEG2005EGWX)", "action_flag": 2, "change_message": "[{\"changed\": {\"fields\": [\"Description\"]}}]"}}, {"model": "admin.logentry", "pk": 224, "fields": {"action_time": "2023-08-06T22:22:37.430Z", "user": 1, "content_type": 15, "object_id": "b7615951-2a55-456b-8cce-ddba334aa89e", "object_repr": "Let's Splosh - Nonlinearcircuits", "action_flag": 1, "change_message": "[{\"added\": {}}]"}}, {"model": "admin.logentry", "pk": 225, "fields": {"action_time": "2023-08-06T22:29:29.237Z", "user": 1, "content_type": 27, "object_id": "036735bd-db4f-4deb-8449-988056bcbc1c", "object_repr": "Let's Splosh - 1 - 0", "action_flag": 1, "change_message": "[{\"added\": {}}]"}}, {"model": "admin.logentry", "pk": 226, "fields": {"action_time": "2023-08-06T22:31:16.597Z", "user": 1, "content_type": 17, "object_id": "93bbfefa-3ff1-427d-a9b6-926f82e68220", "object_repr": "Let's Splosh -- (10µF)", "action_flag": 1, "change_message": "[{\"added\": {}}]"}}, {"model": "admin.logentry", "pk": 227, "fields": {"action_time": "2023-08-06T22:34:52.786Z", "user": 1, "content_type": 23, "object_id": "e999282a-b247-4174-9345-987eb7f2889b", "object_repr": "10 uF Multilayer Ceramic Capacitor -- Capacitor -- (Mouser Electronics 81-GRM21BR61E106KA3L)", "action_flag": 1, "change_message": "[{\"added\": {}}]"}}, {"model": "admin.logentry", "pk": 228, "fields": {"action_time": "2023-08-06T22:41:52.624Z", "user": 1, "content_type": 17, "object_id": "93bbfefa-3ff1-427d-a9b6-926f82e68220", "object_repr": "Let's Splosh -- (10µF)", "action_flag": 2, "change_message": "[{\"changed\": {\"fields\": [\"Components options\"]}}]"}}, {"model": "admin.logentry", "pk": 229, "fields": {"action_time": "2023-08-06T22:43:22.194Z", "user": 1, "content_type": 17, "object_id": "ae5fc707-06f1-4dd7-ae5a-1bdde166e883", "object_repr": "4hp Mix -- (10µF)", "action_flag": 2, "change_message": "[{\"changed\": {\"fields\": [\"Components options\"]}}]"}}, {"model": "admin.logentry", "pk": 230, "fields": {"action_time": "2023-08-06T22:43:40.316Z", "user": 1, "content_type": 17, "object_id": "88704128-251d-4eb2-a561-ae477b6d3050", "object_repr": "Triple Sloth -- Stacked PCBs (earlier version) -- 10µF", "action_flag": 2, "change_message": "[{\"changed\": {\"fields\": [\"Components options\"]}}]"}}, {"model": "admin.logentry", "pk": 231, "fields": {"action_time": "2023-08-06T22:45:16.476Z", "user": 1, "content_type": 23, "object_id": "b07286d4-0aa4-4eea-9c41-6b6ec4db106b", "object_repr": "10 uF -- Capacitor -- (Mouser Electronics 81-GCM21BD70J106KE2K)", "action_flag": 2, "change_message": "[{\"changed\": {\"fields\": [\"Voltage rating\", \"Tolerance\"]}}]"}}, {"model": "admin.logentry", "pk": 232, "fields": {"action_time": "2023-08-06T22:46:47.742Z", "user": 1, "content_type": 17, "object_id": "88704128-251d-4eb2-a561-ae477b6d3050", "object_repr": "Triple Sloth -- Stacked PCBs (earlier version) -- 10µF", "action_flag": 2, "change_message": "[{\"changed\": {\"fields\": [\"Components options\"]}}]"}}, {"model": "admin.logentry", "pk": 233, "fields": {"action_time": "2023-08-06T22:46:56.126Z", "user": 1, "content_type": 17, "object_id": "ae5fc707-06f1-4dd7-ae5a-1bdde166e883", "object_repr": "4hp Mix -- (10µF)", "action_flag": 2, "change_message": "[{\"changed\": {\"fields\": [\"Components options\"]}}]"}}, {"model": "admin.logentry", "pk": 234, "fields": {"action_time": "2023-08-06T22:47:15.563Z", "user": 1, "content_type": 17, "object_id": "93bbfefa-3ff1-427d-a9b6-926f82e68220", "object_repr": "Let's Splosh -- (10µF)", "action_flag": 2, "change_message": "[{\"changed\": {\"fields\": [\"Components options\"]}}]"}}, {"model": "admin.logentry", "pk": 235, "fields": {"action_time": "2023-08-08T05:42:21.548Z", "user": 1, "content_type": 17, "object_id": "3d9c757f-7f77-486d-af7f-fe0ebf0a01dd", "object_repr": "Let's Splosh -- (1k)", "action_flag": 1, "change_message": "[{\"added\": {}}]"}}, {"model": "admin.logentry", "pk": 236, "fields": {"action_time": "2023-08-08T05:48:54.605Z", "user": 1, "content_type": 20, "object_id": "d2d2d70f-b0c5-4ff0-8781-b2edc6d15c3c", "object_repr": "MULTICOMP", "action_flag": 1, "change_message": "[{\"added\": {}}]"}}, {"model": "admin.logentry", "pk": 237, "fields": {"action_time": "2023-08-08T05:56:26.387Z", "user": 1, "content_type": 23, "object_id": "5ccb5c5d-d668-43c5-b8c4-cd938607522d", "object_repr": "10K OHM 1/8W 1% 0805 SMD CHIP RESISTOR MULTICOMP BEST PERFORMANCE -- Resistor -- (Tayda Electronics A-950)", "action_flag": 1, "change_message": "[{\"added\": {}}]"}}, {"model": "admin.logentry", "pk": 238, "fields": {"action_time": "2023-08-08T05:57:14.878Z", "user": 1, "content_type": 17, "object_id": "995a5ea9-51cd-4822-ad3d-489cdb894652", "object_repr": "Let's Splosh -- (10k)", "action_flag": 1, "change_message": "[{\"added\": {}}]"}}, {"model": "admin.logentry", "pk": 239, "fields": {"action_time": "2023-08-08T05:58:26.519Z", "user": 1, "content_type": 17, "object_id": "3026ea69-cb8d-4883-8c2f-949147586945", "object_repr": "Let's Splosh -- (100k)", "action_flag": 1, "change_message": "[{\"added\": {}}]"}}, {"model": "admin.logentry", "pk": 240, "fields": {"action_time": "2023-08-08T06:02:18.521Z", "user": 1, "content_type": 17, "object_id": "1c402721-d881-4083-8c55-15fac8fa7f27", "object_repr": "Let's Splosh -- (LL4148 diodes)", "action_flag": 1, "change_message": "[{\"added\": {}}]"}}, {"model": "admin.logentry", "pk": 241, "fields": {"action_time": "2023-08-08T06:10:04.749Z", "user": 1, "content_type": 17, "object_id": "de6e2a6a-4d56-4e3e-9cfa-95688d907686", "object_repr": "Let's Splosh -- (TL072 or TL082)", "action_flag": 1, "change_message": "[{\"added\": {}}]"}}, {"model": "admin.logentry", "pk": 242, "fields": {"action_time": "2023-08-08T06:18:47.521Z", "user": 1, "content_type": 23, "object_id": "b411bb82-7508-4f76-8d45-1a855102eaa6", "object_repr": "LED 3MM WHITE WATER CLEAR ULTRA BRIGHT -- Light-emitting diode (LED) -- (Tayda Electronics A-2226)", "action_flag": 1, "change_message": "[{\"added\": {}}]"}}, {"model": "admin.logentry", "pk": 243, "fields": {"action_time": "2023-08-08T06:19:23.363Z", "user": 1, "content_type": 17, "object_id": "d8b09319-e62b-4cb5-9611-3336ec98e7d0", "object_repr": "Let's Splosh -- (3mm LED)", "action_flag": 1, "change_message": "[{\"added\": {}}]"}}, {"model": "admin.logentry", "pk": 244, "fields": {"action_time": "2023-08-08T06:20:26.187Z", "user": 1, "content_type": 17, "object_id": "8739de6a-447c-42b3-9149-50c97a1e4139", "object_repr": "Let's Splosh -- (Eurorack 10 pin power connector)", "action_flag": 1, "change_message": "[{\"added\": {}}]"}}, {"model": "admin.logentry", "pk": 245, "fields": {"action_time": "2023-08-08T06:30:01.223Z", "user": 1, "content_type": 23, "object_id": "816c34eb-5ad7-4ff7-8556-56040225d25d", "object_repr": "1N400x-type Rectifiers -- Diode -- (Mouser Electronics 625-1N4007E-E3/54)", "action_flag": 1, "change_message": "[{\"added\": {}}]"}}, {"model": "admin.logentry", "pk": 246, "fields": {"action_time": "2023-08-08T06:30:31.009Z", "user": 1, "content_type": 17, "object_id": "effe7490-6d7f-4655-9a27-7a0dc0c7c38e", "object_repr": "Let's Splosh -- (1N400x or S1JL or similar, optional - for reverse voltage protection)", "action_flag": 1, "change_message": "[{\"added\": {}}]"}}, {"model": "admin.logentry", "pk": 247, "fields": {"action_time": "2023-08-08T06:32:44.972Z", "user": 1, "content_type": 17, "object_id": "c6d973e7-3b60-4225-aebd-b2b552a1a03f", "object_repr": "Let's Splosh -- (3.5MM SOCKET Kobiconn style)", "action_flag": 1, "change_message": "[{\"added\": {}}]"}}, {"model": "admin.logentry", "pk": 248, "fields": {"action_time": "2023-08-08T06:51:02.967Z", "user": 1, "content_type": 15, "object_id": "686c6680-cdce-4aec-8dc9-6dcfe80785ee", "object_repr": "Ming Rod - Nonlinearcircuits", "action_flag": 1, "change_message": "[{\"added\": {}}]"}}, {"model": "admin.logentry", "pk": 249, "fields": {"action_time": "2023-08-08T06:56:27.155Z", "user": 1, "content_type": 20, "object_id": "50c6b671-36b2-4ae0-b164-776c4f62b704", "object_repr": "TAIYO YUDEN", "action_flag": 1, "change_message": "[{\"added\": {}}]"}}, {"model": "admin.logentry", "pk": 250, "fields": {"action_time": "2023-08-08T06:57:37.603Z", "user": 1, "content_type": 23, "object_id": "7996eee7-e522-40c5-ac52-c647e58df483", "object_repr": "10uF Multilayer Ceramic Capacitor -- Capacitor -- (Mouser Electronics 963-TMK212BBJ106MG-T)", "action_flag": 1, "change_message": "[{\"added\": {}}]"}}, {"model": "admin.logentry", "pk": 251, "fields": {"action_time": "2023-08-08T06:59:20.480Z", "user": 1, "content_type": 27, "object_id": "0b79c035-5128-4ab9-9458-046bd72cf852", "object_repr": "Ming Rod - 1 - 0", "action_flag": 1, "change_message": "[{\"added\": {}}]"}}, {"model": "admin.logentry", "pk": 252, "fields": {"action_time": "2023-08-08T06:59:45.242Z", "user": 1, "content_type": 17, "object_id": "0838ae9b-8929-41be-a7d1-582cca3a7586", "object_repr": "Ming Rod -- (10uF)", "action_flag": 1, "change_message": "[{\"added\": {}}]"}}, {"model": "admin.logentry", "pk": 253, "fields": {"action_time": "2023-08-08T07:02:33.983Z", "user": 1, "content_type": 17, "object_id": "1c481633-84c8-4b68-a096-56398c6de9b1", "object_repr": "Ming Rod -- (1k)", "action_flag": 1, "change_message": "[{\"added\": {}}]"}}, {"model": "admin.logentry", "pk": 254, "fields": {"action_time": "2023-08-08T07:03:52.157Z", "user": 1, "content_type": 17, "object_id": "bd748b96-41ad-4870-a26d-a1e1b08a724e", "object_repr": "Ming Rod -- (10k)", "action_flag": 1, "change_message": "[{\"added\": {}}]"}}, {"model": "admin.logentry", "pk": 255, "fields": {"action_time": "2023-08-08T07:05:27.985Z", "user": 1, "content_type": 17, "object_id": "5597c734-2f5e-4517-babb-6cca08a31b43", "object_repr": "Ming Rod -- (100k)", "action_flag": 1, "change_message": "[{\"added\": {}}]"}}, {"model": "admin.logentry", "pk": 256, "fields": {"action_time": "2023-08-08T07:08:19.559Z", "user": 1, "content_type": 20, "object_id": "fccd6513-a760-4834-954d-42df65628397", "object_repr": "Texas Instruments", "action_flag": 1, "change_message": "[{\"added\": {}}]"}}, {"model": "admin.logentry", "pk": 257, "fields": {"action_time": "2023-08-08T07:09:19.152Z", "user": 1, "content_type": 22, "object_id": "47db9d7d-7c74-4eb7-a50d-dd30b37aadf1", "object_repr": "Op Amps", "action_flag": 1, "change_message": "[{\"added\": {}}]"}}, {"model": "admin.logentry", "pk": 258, "fields": {"action_time": "2023-08-08T07:10:06.263Z", "user": 1, "content_type": 23, "object_id": "c5dbf5f4-b128-4620-8e4a-e3e2e764d2be", "object_repr": "Op Amps -- Op Amps -- (Mouser Electronics 595-LF353D)", "action_flag": 1, "change_message": "[{\"added\": {}}]"}}, {"model": "admin.logentry", "pk": 259, "fields": {"action_time": "2023-08-08T07:13:32.259Z", "user": 1, "content_type": 17, "object_id": "db7c4e52-b60e-468f-a419-2fa4a96e9627", "object_repr": "Ming Rod -- (TL072 / TL082 / LF353)", "action_flag": 1, "change_message": "[{\"added\": {}}]"}}, {"model": "admin.logentry", "pk": 260, "fields": {"action_time": "2023-08-08T07:14:36.447Z", "user": 1, "content_type": 20, "object_id": "a1b0166a-5208-4118-aec2-1eab867bddea", "object_repr": "PHILIPS/NXP", "action_flag": 1, "change_message": "[{\"added\": {}}]"}}, {"model": "admin.logentry", "pk": 261, "fields": {"action_time": "2023-08-08T07:15:35.233Z", "user": 1, "content_type": 23, "object_id": "8f3ffc03-a512-41ec-90c4-e246f842bf60", "object_repr": "BC847 TRANSISTOR NPN 45V 0.1A SOT-23-3 BC847B,215 -- Transistor -- (Tayda Electronics A-1339)", "action_flag": 1, "change_message": "[{\"added\": {}}]"}}, {"model": "admin.logentry", "pk": 262, "fields": {"action_time": "2023-08-08T07:17:27.121Z", "user": 1, "content_type": 17, "object_id": "020b521c-b67c-402a-8665-beae07506cf2", "object_repr": "Ming Rod -- (BC847)", "action_flag": 1, "change_message": "[{\"added\": {}}]"}}, {"model": "admin.logentry", "pk": 263, "fields": {"action_time": "2023-08-08T07:19:06.826Z", "user": 1, "content_type": 17, "object_id": "95357128-444b-4629-abf5-194e83f11487", "object_repr": "Ming Rod -- (Eurorack 10 pin power connector)", "action_flag": 1, "change_message": "[{\"added\": {}}]"}}, {"model": "admin.logentry", "pk": 264, "fields": {"action_time": "2023-08-08T07:23:35.467Z", "user": 1, "content_type": 23, "object_id": "58c95735-1ce0-4e43-adc1-463b05a7f2f3", "object_repr": "Schottky Diode -- Diode -- (Mouser Electronics 78-SL04-E3-08)", "action_flag": 1, "change_message": "[{\"added\": {}}]"}}, {"model": "admin.logentry", "pk": 265, "fields": {"action_time": "2023-08-08T07:24:05.719Z", "user": 1, "content_type": 17, "object_id": "866271e2-ed69-44ac-b7da-3a74b8f622c9", "object_repr": "Ming Rod -- (Schottky diodes)", "action_flag": 1, "change_message": "[{\"added\": {}}]"}}, {"model": "admin.logentry", "pk": 266, "fields": {"action_time": "2023-08-08T07:25:36.663Z", "user": 1, "content_type": 17, "object_id": "e856997a-bed9-4457-b8b5-dedc190157e2", "object_repr": "Ming Rod -- (3.5MM SOCKET Kobiconn style)", "action_flag": 1, "change_message": "[{\"added\": {}}]"}}, {"model": "admin.logentry", "pk": 267, "fields": {"action_time": "2023-08-08T07:27:56.758Z", "user": 1, "content_type": 23, "object_id": "42504b35-86f3-4625-89db-70f05f677391", "object_repr": "100K OHM LINEAR TAPER POTENTIOMETER SPLINE SHAFT PCB MOUNT 9MM -- Trimpot -- (Tayda Electronics A-4729)", "action_flag": 1, "change_message": "[{\"added\": {}}]"}}, {"model": "admin.logentry", "pk": 268, "fields": {"action_time": "2023-08-08T07:29:03.284Z", "user": 1, "content_type": 17, "object_id": "868df456-3790-48e1-b693-2ce8800a9043", "object_repr": "Ming Rod -- (100k pots)", "action_flag": 1, "change_message": "[{\"added\": {}}]"}}, {"model": "admin.logentry", "pk": 269, "fields": {"action_time": "2023-08-08T07:30:38.003Z", "user": 1, "content_type": 20, "object_id": "8485be84-86a5-4c96-af1c-8d0c93099e47", "object_repr": "Fairchild/ON Semiconductor", "action_flag": 1, "change_message": "[{\"added\": {}}]"}}, {"model": "admin.logentry", "pk": 270, "fields": {"action_time": "2023-08-08T07:31:42.937Z", "user": 1, "content_type": 23, "object_id": "d8d42f41-ea84-4805-aa3b-5c0c69c8dfb8", "object_repr": "FDLL4148 SMALL SIGNAL DIODE 200MA 100V -- Diode -- (Tayda Electronics A-1213)", "action_flag": 1, "change_message": "[{\"added\": {}}]"}}, {"model": "admin.logentry", "pk": 271, "fields": {"action_time": "2023-08-08T07:32:11.117Z", "user": 1, "content_type": 17, "object_id": "11f836ca-358c-4a34-8da5-6186280e8e50", "object_repr": "Ming Rod -- (LL4148 diodes)", "action_flag": 1, "change_message": "[{\"added\": {}}]"}}, {"model": "admin.logentry", "pk": 272, "fields": {"action_time": "2023-08-13T16:06:36.491Z", "user": 1, "content_type": 61, "object_id": "00000000-1111-2222-3333-444444444444", "object_repr": "KofiPayment object (00000000-1111-2222-3333-444444444444)", "action_flag": 3, "change_message": ""}}, {"model": "admin.logentry", "pk": 273, "fields": {"action_time": "2023-08-13T16:06:51.990Z", "user": 1, "content_type": 61, "object_id": "00000000-1111-2222-3333-444444444444", "object_repr": "KofiPayment object (00000000-1111-2222-3333-444444444444)", "action_flag": 3, "change_message": ""}}, {"model": "admin.logentry", "pk": 274, "fields": {"action_time": "2023-08-13T16:20:22.644Z", "user": 1, "content_type": 61, "object_id": "00000000-1111-2222-3333-444444444444", "object_repr": "KofiPayment object (00000000-1111-2222-3333-444444444444)", "action_flag": 3, "change_message": ""}}, {"model": "admin.logentry", "pk": 275, "fields": {"action_time": "2023-08-14T01:38:40.427Z", "user": 1, "content_type": 61, "object_id": "00000000-1111-2222-3333-444444444444", "object_repr": "KofiPayment object (00000000-1111-2222-3333-444444444444)", "action_flag": 3, "change_message": ""}}, {"model": "admin.logentry", "pk": 276, "fields": {"action_time": "2023-08-14T02:50:13.677Z", "user": 1, "content_type": 12, "object_id": "1", "object_repr": "danielmiller.js@gmail.com", "action_flag": 2, "change_message": "[{\"changed\": {\"fields\": [\"Premium admin override\"]}}]"}}, {"model": "admin.logentry", "pk": 277, "fields": {"action_time": "2023-08-14T02:50:22.390Z", "user": 1, "content_type": 12, "object_id": "1", "object_repr": "danielmiller.js@gmail.com", "action_flag": 2, "change_message": "[{\"changed\": {\"fields\": [\"Premium admin override\"]}}]"}}, {"model": "admin.logentry", "pk": 278, "fields": {"action_time": "2023-08-14T15:33:33.011Z", "user": 1, "content_type": 60, "object_id": "2", "object_repr": "Support BOM Squad", "action_flag": 1, "change_message": "[{\"added\": {}}]"}}, {"model": "admin.logentry", "pk": 279, "fields": {"action_time": "2023-08-14T15:34:16.938Z", "user": 1, "content_type": 60, "object_id": "2", "object_repr": "Support BOM Squad", "action_flag": 2, "change_message": "[]"}}, {"model": "admin.logentry", "pk": 280, "fields": {"action_time": "2023-08-15T05:11:36.926Z", "user": 1, "content_type": 60, "object_id": "2", "object_repr": "Support", "action_flag": 2, "change_message": "[{\"changed\": {\"fields\": [\"Title\"]}}]"}}, {"model": "admin.logentry", "pk": 281, "fields": {"action_time": "2023-08-15T05:12:23.174Z", "user": 1, "content_type": 60, "object_id": "2", "object_repr": "Support", "action_flag": 2, "change_message": "[{\"changed\": {\"fields\": [\"Content\"]}}]"}}, {"model": "admin.logentry", "pk": 282, "fields": {"action_time": "2023-08-15T05:44:56.007Z", "user": 1, "content_type": 60, "object_id": "2", "object_repr": "Support", "action_flag": 2, "change_message": "[]"}}, {"model": "admin.logentry", "pk": 283, "fields": {"action_time": "2023-08-15T05:57:52.894Z", "user": 1, "content_type": 60, "object_id": "3", "object_repr": "Disclaimer", "action_flag": 1, "change_message": "[{\"added\": {}}]"}}, {"model": "admin.logentry", "pk": 284, "fields": {"action_time": "2023-08-15T05:58:43.620Z", "user": 1, "content_type": 60, "object_id": "3", "object_repr": "Disclaimer", "action_flag": 2, "change_message": "[{\"changed\": {\"fields\": [\"Content\"]}}]"}}, {"model": "admin.logentry", "pk": 285, "fields": {"action_time": "2023-08-15T06:43:20.179Z", "user": 1, "content_type": 60, "object_id": "2", "object_repr": "Support", "action_flag": 2, "change_message": "[{\"changed\": {\"fields\": [\"Content\"]}}]"}}, {"model": "admin.logentry", "pk": 286, "fields": {"action_time": "2023-08-15T06:43:57.637Z", "user": 1, "content_type": 60, "object_id": "2", "object_repr": "Support", "action_flag": 2, "change_message": "[{\"changed\": {\"fields\": [\"Content\"]}}]"}}, {"model": "admin.logentry", "pk": 287, "fields": {"action_time": "2023-08-15T06:46:22.308Z", "user": 1, "content_type": 60, "object_id": "2", "object_repr": "Support", "action_flag": 2, "change_message": "[{\"changed\": {\"fields\": [\"Content\"]}}]"}}, {"model": "admin.logentry", "pk": 288, "fields": {"action_time": "2023-08-15T07:12:31.973Z", "user": 1, "content_type": 60, "object_id": "2", "object_repr": "Support", "action_flag": 2, "change_message": "[{\"changed\": {\"fields\": [\"Content\"]}}]"}}, {"model": "admin.logentry", "pk": 289, "fields": {"action_time": "2023-08-15T07:14:34.530Z", "user": 1, "content_type": 60, "object_id": "2", "object_repr": "Support", "action_flag": 2, "change_message": "[{\"changed\": {\"fields\": [\"Content\"]}}]"}}, {"model": "admin.logentry", "pk": 290, "fields": {"action_time": "2023-08-15T07:23:20.951Z", "user": 1, "content_type": 60, "object_id": "2", "object_repr": "Support", "action_flag": 2, "change_message": "[{\"changed\": {\"fields\": [\"Content\"]}}]"}}, {"model": "admin.logentry", "pk": 291, "fields": {"action_time": "2023-08-15T07:24:50.785Z", "user": 1, "content_type": 60, "object_id": "2", "object_repr": "Support", "action_flag": 2, "change_message": "[{\"changed\": {\"fields\": [\"Content\"]}}]"}}, {"model": "admin.logentry", "pk": 292, "fields": {"action_time": "2023-08-15T07:25:30.456Z", "user": 1, "content_type": 60, "object_id": "1", "object_repr": "About", "action_flag": 2, "change_message": "[{\"changed\": {\"fields\": [\"Content\"]}}]"}}, {"model": "admin.logentry", "pk": 293, "fields": {"action_time": "2023-08-15T07:26:22.814Z", "user": 1, "content_type": 60, "object_id": "1", "object_repr": "About", "action_flag": 2, "change_message": "[{\"changed\": {\"fields\": [\"Content\"]}}]"}}, {"model": "admin.logentry", "pk": 294, "fields": {"action_time": "2023-08-15T08:20:37.503Z", "user": 1, "content_type": 60, "object_id": "2", "object_repr": "Support", "action_flag": 2, "change_message": "[{\"changed\": {\"fields\": [\"Content\"]}}]"}}, {"model": "admin.logentry", "pk": 295, "fields": {"action_time": "2023-08-15T08:23:26.615Z", "user": 1, "content_type": 60, "object_id": "2", "object_repr": "Support", "action_flag": 2, "change_message": "[]"}}, {"model": "admin.logentry", "pk": 296, "fields": {"action_time": "2023-08-15T08:26:47.479Z", "user": 1, "content_type": 60, "object_id": "2", "object_repr": "Support", "action_flag": 2, "change_message": "[{\"changed\": {\"fields\": [\"Content\"]}}]"}}, {"model": "admin.logentry", "pk": 297, "fields": {"action_time": "2023-08-15T08:45:28.954Z", "user": 1, "content_type": 60, "object_id": "2", "object_repr": "Support", "action_flag": 2, "change_message": "[{\"changed\": {\"fields\": [\"Content\"]}}]"}}, {"model": "admin.logentry", "pk": 298, "fields": {"action_time": "2023-08-15T08:47:10.234Z", "user": 1, "content_type": 60, "object_id": "2", "object_repr": "Support", "action_flag": 2, "change_message": "[{\"changed\": {\"fields\": [\"Content\"]}}]"}}, {"model": "admin.logentry", "pk": 299, "fields": {"action_time": "2023-08-15T08:49:59.937Z", "user": 1, "content_type": 60, "object_id": "2", "object_repr": "Support", "action_flag": 2, "change_message": "[{\"changed\": {\"fields\": [\"Content\"]}}]"}}, {"model": "admin.logentry", "pk": 300, "fields": {"action_time": "2023-08-15T09:20:33.993Z", "user": 1, "content_type": 60, "object_id": "2", "object_repr": "Support", "action_flag": 2, "change_message": "[{\"changed\": {\"fields\": [\"Content\"]}}]"}}, {"model": "admin.logentry", "pk": 301, "fields": {"action_time": "2023-08-15T09:20:52.127Z", "user": 1, "content_type": 60, "object_id": "1", "object_repr": "About", "action_flag": 2, "change_message": "[{\"changed\": {\"fields\": [\"Content\"]}}]"}}, {"model": "admin.logentry", "pk": 302, "fields": {"action_time": "2023-08-15T15:16:31.360Z", "user": 1, "content_type": 60, "object_id": "4", "object_repr": "Subscriber Benefits", "action_flag": 1, "change_message": "[{\"added\": {}}]"}}, {"model": "admin.logentry", "pk": 303, "fields": {"action_time": "2023-08-15T15:17:07.157Z", "user": 1, "content_type": 60, "object_id": "4", "object_repr": "Subscriber Benefits", "action_flag": 2, "change_message": "[]"}}, {"model": "admin.logentry", "pk": 304, "fields": {"action_time": "2023-08-15T15:17:50.071Z", "user": 1, "content_type": 60, "object_id": "2", "object_repr": "Support", "action_flag": 2, "change_message": "[{\"changed\": {\"fields\": [\"Content\"]}}]"}}, {"model": "admin.logentry", "pk": 305, "fields": {"action_time": "2023-08-15T15:19:10.316Z", "user": 1, "content_type": 60, "object_id": "2", "object_repr": "Support", "action_flag": 2, "change_message": "[{\"changed\": {\"fields\": [\"Content\"]}}]"}}, {"model": "admin.logentry", "pk": 306, "fields": {"action_time": "2023-08-15T15:20:13.678Z", "user": 1, "content_type": 60, "object_id": "2", "object_repr": "Support", "action_flag": 2, "change_message": "[{\"changed\": {\"fields\": [\"Content\"]}}]"}}, {"model": "admin.logentry", "pk": 307, "fields": {"action_time": "2023-08-16T08:09:02.394Z", "user": 1, "content_type": 12, "object_id": "1", "object_repr": "danielmiller.js@gmail.com", "action_flag": 2, "change_message": "[{\"changed\": {\"fields\": [\"Premium admin override\"]}}]"}}, {"model": "admin.logentry", "pk": 308, "fields": {"action_time": "2023-08-17T07:36:39.215Z", "user": 1, "content_type": 12, "object_id": "1", "object_repr": "danielmiller.js@gmail.com", "action_flag": 2, "change_message": "[{\"changed\": {\"fields\": [\"Premium admin override\", \"Premium until via kofi\"]}}]"}}, {"model": "admin.logentry", "pk": 309, "fields": {"action_time": "2023-09-08T02:00:34.152Z", "user": 1, "content_type": 60, "object_id": "2", "object_repr": "Support", "action_flag": 2, "change_message": "[{\"changed\": {\"fields\": [\"Content\"]}}]"}}, {"model": "admin.logentry", "pk": 310, "fields": {"action_time": "2023-09-08T02:02:41.929Z", "user": 1, "content_type": 60, "object_id": "2", "object_repr": "Support", "action_flag": 2, "change_message": "[{\"changed\": {\"fields\": [\"Content\"]}}]"}}, {"model": "admin.logentry", "pk": 311, "fields": {"action_time": "2023-09-16T02:45:47.324Z", "user": 1, "content_type": 23, "object_id": "e999282a-b247-4174-9345-987eb7f2889b", "object_repr": "10 uF Multilayer Ceramic Capacitor -- Capacitor -- (Mouser Electronics 81-GRM21BR61E106KA3L)", "action_flag": 2, "change_message": "[{\"changed\": {\"fields\": [\"Farads\", \"Farads unit\", \"Discontinued\"]}}]"}}, {"model": "admin.logentry", "pk": 312, "fields": {"action_time": "2023-11-18T21:13:44.613Z", "user": 1, "content_type": 10, "object_id": "1", "object_repr": "Google", "action_flag": 1, "change_message": "[{\"added\": {}}]"}}, {"model": "admin.logentry", "pk": 313, "fields": {"action_time": "2023-11-18T21:16:45.567Z", "user": 1, "content_type": 10, "object_id": "1", "object_repr": "Google", "action_flag": 2, "change_message": "[{\"changed\": {\"fields\": [\"Sites\"]}}]"}}, {"model": "admin.logentry", "pk": 314, "fields": {"action_time": "2023-11-18T22:28:40.164Z", "user": 1, "content_type": 10, "object_id": "2", "object_repr": "Discord", "action_flag": 1, "change_message": "[{\"added\": {}}]"}}, {"model": "admin.logentry", "pk": 315, "fields": {"action_time": "2023-11-18T22:32:11.918Z", "user": 1, "content_type": 12, "object_id": "5", "object_repr": "team@bom-squad.com", "action_flag": 3, "change_message": ""}}, {"model": "admin.logentry", "pk": 316, "fields": {"action_time": "2023-11-18T22:32:11.925Z", "user": 1, "content_type": 12, "object_id": "3", "object_repr": "lontano.composer@gmail.com", "action_flag": 3, "change_message": ""}}, {"model": "admin.logentry", "pk": 317, "fields": {"action_time": "2023-11-18T22:32:11.927Z", "user": 1, "content_type": 12, "object_id": "2", "object_repr": "danielmiller.js@gmail.com", "action_flag": 3, "change_message": ""}}, {"model": "admin.logentry", "pk": 318, "fields": {"action_time": "2023-11-18T22:32:11.929Z", "user": 1, "content_type": 12, "object_id": "4", "object_repr": "team@bom-squad.com", "action_flag": 3, "change_message": ""}}, {"model": "admin.logentry", "pk": 319, "fields": {"action_time": "2024-06-20T21:24:32.221Z", "user": 1, "content_type": 24, "object_id": "cb436be1-d16b-49b5-a6eb-751960e22bcb", "object_repr": "[ danielmiller.js@gmail.com ] - [ {'0593ea83-1180-4741-b954-227115feac11': ['fishbit'], '42504b35-86f3-4625-89db-70f05f677391': ['tinfin']} ] - Thonkiconn Jacks -- Jack -- (Thonk PJ398SM)", "action_flag": 3, "change_message": ""}}, {"model": "admin.logentry", "pk": 320, "fields": {"action_time": "2024-06-20T21:24:32.229Z", "user": 1, "content_type": 24, "object_id": "a2989168-9516-44bc-b4cf-86156875453b", "object_repr": "[ danielmiller.js@gmail.com ] - [ {'0593ea83-1180-4741-b954-227115feac11': ['fishbit'], '42504b35-86f3-4625-89db-70f05f677391': ['tinfin']} ] - 100K OHM LINEAR TAPER POTENTIOMETER SPLINE SHAFT PCB MOU", "action_flag": 3, "change_message": ""}}, {"model": "admin.logentry", "pk": 321, "fields": {"action_time": "2024-06-20T21:33:13.569Z", "user": 1, "content_type": 24, "object_id": "9a75b8b7-c295-4454-9955-b1e16335ca15", "object_repr": "[ danielmiller.js@gmail.com ] - [ {'0593ea83-1180-4741-b954-227115feac11': ['fishbit'], '42504b35-86f3-4625-89db-70f05f677391': ['tinfin']} ] - 100K OHM LINEAR TAPER POTENTIOMETER SPLINE SHAFT PCB MOU", "action_flag": 3, "change_message": ""}}, {"model": "admin.logentry", "pk": 322, "fields": {"action_time": "2024-06-20T21:33:13.575Z", "user": 1, "content_type": 24, "object_id": "18ed4656-bc8c-415e-9cd4-dfb96f211ee2", "object_repr": "[ danielmiller.js@gmail.com ] - [ {'0593ea83-1180-4741-b954-227115feac11': ['fishbit'], '42504b35-86f3-4625-89db-70f05f677391': ['tinfin']} ] - Thonkiconn Jacks -- Jack -- (Thonk PJ398SM)", "action_flag": 3, "change_message": ""}}, {"model": "admin.logentry", "pk": 323, "fields": {"action_time": "2024-06-21T00:02:30.155Z", "user": 1, "content_type": 24, "object_id": "c68d44ad-8086-44ed-aa78-2c651927d77b", "object_repr": "[ danielmiller.js@gmail.com ] - [ {'0593ea83-1180-4741-b954-227115feac11': ['fishbit']} ] - 100K OHM LINEAR TAPER POTENTIOMETER SPLINE SHAFT PCB MOUNT 9MM -- Trimpot -- (Tayda Electronics A-4729)", "action_flag": 3, "change_message": ""}}, {"model": "admin.logentry", "pk": 324, "fields": {"action_time": "2024-06-21T00:02:30.160Z", "user": 1, "content_type": 24, "object_id": "9d69161a-9e8b-460d-848a-fa02e5812b83", "object_repr": "[ danielmiller.js@gmail.com ] - [ {'0593ea83-1180-4741-b954-227115feac11': ['fishbit'], '42504b35-86f3-4625-89db-70f05f677391': ['fishbait']} ] - Thonkiconn Jacks -- Jack -- (Thonk PJ398SM)", "action_flag": 3, "change_message": ""}}, {"model": "admin.logentry", "pk": 325, "fields": {"action_time": "2024-06-21T00:02:30.162Z", "user": 1, "content_type": 24, "object_id": "88e4eb2e-bb01-41bc-bd33-0b468256258d", "object_repr": "[ danielmiller.js@gmail.com ] - [ {'0593ea83-1180-4741-b954-227115feac11': ['fishbit'], '42504b35-86f3-4625-89db-70f05f677391': ['fishbait']} ] - 100K OHM LINEAR TAPER POTENTIOMETER SPLINE SHAFT PCB M", "action_flag": 3, "change_message": ""}}, {"model": "admin.logentry", "pk": 326, "fields": {"action_time": "2024-06-21T00:02:30.165Z", "user": 1, "content_type": 24, "object_id": "7e9ce9f5-bc64-422f-ab54-791cd2e59a05", "object_repr": "[ danielmiller.js@gmail.com ] - [ {} ] - Thonkiconn Jacks -- Jack -- (Thonk PJ398SM)", "action_flag": 3, "change_message": ""}}, {"model": "admin.logentry", "pk": 327, "fields": {"action_time": "2024-06-21T00:02:30.167Z", "user": 1, "content_type": 24, "object_id": "54ddbb20-7537-4423-ad3e-c62c898891f0", "object_repr": "[ danielmiller.js@gmail.com ] - [ {} ] - 100K OHM LINEAR TAPER POTENTIOMETER SPLINE SHAFT PCB MOUNT 9MM -- Trimpot -- (Tayda Electronics A-4729)", "action_flag": 3, "change_message": ""}}, {"model": "admin.logentry", "pk": 328, "fields": {"action_time": "2024-06-21T00:02:30.169Z", "user": 1, "content_type": 24, "object_id": "10bc151d-4389-472a-8282-08d4bf19db16", "object_repr": "[ danielmiller.js@gmail.com ] - [ {'0593ea83-1180-4741-b954-227115feac11': ['fishbit']} ] - Thonkiconn Jacks -- Jack -- (Thonk PJ398SM)", "action_flag": 3, "change_message": ""}}, {"model": "admin.logentry", "pk": 329, "fields": {"action_time": "2024-06-21T14:39:30.175Z", "user": 1, "content_type": 24, "object_id": "e0965d29-3298-4808-93b5-542debc8773e", "object_repr": "[ danielmiller.js@gmail.com ] - [ [] ] - Thonkiconn Jacks -- Jack -- (Thonk PJ398SM)", "action_flag": 3, "change_message": ""}}, {"model": "admin.logentry", "pk": 330, "fields": {"action_time": "2024-07-07T22:58:33.561Z", "user": 1, "content_type": 62, "object_id": "1", "object_repr": "Daniel: test...", "action_flag": 2, "change_message": "[{\"changed\": {\"fields\": [\"Is removed\"]}}]"}}, {"model": "admin.logentry", "pk": 331, "fields": {"action_time": "2024-07-07T22:58:54.306Z", "user": 1, "content_type": 62, "object_id": "18", "object_repr": "admin: test...", "action_flag": 2, "change_message": "[{\"changed\": {\"fields\": [\"Is removed\"]}}]"}}, {"model": "admin.logentry", "pk": 332, "fields": {"action_time": "2024-07-07T22:59:20.025Z", "user": 1, "content_type": 62, "object_id": "19", "object_repr": "admin: test...", "action_flag": 2, "change_message": "[{\"changed\": {\"fields\": [\"Is removed\"]}}]"}}, {"model": "admin.logentry", "pk": 333, "fields": {"action_time": "2024-07-10T18:05:22.683Z", "user": 1, "content_type": 18, "object_id": "d65b8d6e-0f70-4c0f-b936-a3e63751eb9a", "object_repr": "ModuleBomListComponentForItemRating object (d65b8d6e-0f70-4c0f-b936-a3e63751eb9a)", "action_flag": 3, "change_message": ""}}, {"model": "admin.logentry", "pk": 334, "fields": {"action_time": "2024-07-10T18:05:22.716Z", "user": 1, "content_type": 18, "object_id": "84a78640-c278-4710-9c1e-913c17c907af", "object_repr": "ModuleBomListComponentForItemRating object (84a78640-c278-4710-9c1e-913c17c907af)", "action_flag": 3, "change_message": ""}}, {"model": "admin.logentry", "pk": 335, "fields": {"action_time": "2024-07-10T18:05:22.719Z", "user": 1, "content_type": 18, "object_id": "5d63297b-d2dc-42f5-95eb-8b3b901206cf", "object_repr": "ModuleBomListComponentForItemRating object (5d63297b-d2dc-42f5-95eb-8b3b901206cf)", "action_flag": 3, "change_message": ""}}, {"model": "admin.logentry", "pk": 336, "fields": {"action_time": "2024-07-10T18:05:22.721Z", "user": 1, "content_type": 18, "object_id": "025e4375-0db5-4429-bb25-d76f5f3ffb2c", "object_repr": "ModuleBomListComponentForItemRating object (025e4375-0db5-4429-bb25-d76f5f3ffb2c)", "action_flag": 3, "change_message": ""}}, {"model": "admin.logentry", "pk": 337, "fields": {"action_time": "2024-07-10T18:28:29.906Z", "user": 1, "content_type": 18, "object_id": "364d3823-e040-4c65-b360-82ab8ed60cba", "object_repr": "ModuleBomListComponentForItemRating object (364d3823-e040-4c65-b360-82ab8ed60cba)", "action_flag": 1, "change_message": "[{\"added\": {}}]"}}, {"model": "admin.logentry", "pk": 338, "fields": {"action_time": "2024-07-11T20:38:28.993Z", "user": 1, "content_type": 62, "object_id": "1", "object_repr": "Daniel: test...", "action_flag": 3, "change_message": ""}}, {"model": "admin.logentry", "pk": 339, "fields": {"action_time": "2024-07-11T20:38:28.998Z", "user": 1, "content_type": 62, "object_id": "2", "object_repr": "Daniel: test...", "action_flag": 3, "change_message": ""}}, {"model": "admin.logentry", "pk": 340, "fields": {"action_time": "2024-07-11T20:38:29.000Z", "user": 1, "content_type": 62, "object_id": "3", "object_repr": "Daniel: test...", "action_flag": 3, "change_message": ""}}, {"model": "admin.logentry", "pk": 341, "fields": {"action_time": "2024-07-11T20:38:29.002Z", "user": 1, "content_type": 62, "object_id": "4", "object_repr": "Daniel: test...", "action_flag": 3, "change_message": ""}}, {"model": "admin.logentry", "pk": 342, "fields": {"action_time": "2024-07-11T20:38:29.003Z", "user": 1, "content_type": 62, "object_id": "5", "object_repr": "Daniel: test...", "action_flag": 3, "change_message": ""}}, {"model": "admin.logentry", "pk": 343, "fields": {"action_time": "2024-07-11T20:38:29.005Z", "user": 1, "content_type": 62, "object_id": "6", "object_repr": "Daniel: test...", "action_flag": 3, "change_message": ""}}, {"model": "admin.logentry", "pk": 344, "fields": {"action_time": "2024-07-11T20:38:29.007Z", "user": 1, "content_type": 62, "object_id": "7", "object_repr": "daniel: test...", "action_flag": 3, "change_message": ""}}, {"model": "admin.logentry", "pk": 345, "fields": {"action_time": "2024-07-11T20:38:29.009Z", "user": 1, "content_type": 62, "object_id": "8", "object_repr": "daniel: test123...", "action_flag": 3, "change_message": ""}}, {"model": "admin.logentry", "pk": 346, "fields": {"action_time": "2024-07-11T20:38:29.010Z", "user": 1, "content_type": 62, "object_id": "9", "object_repr": "daniel: test123...", "action_flag": 3, "change_message": ""}}, {"model": "admin.logentry", "pk": 347, "fields": {"action_time": "2024-07-11T20:38:29.012Z", "user": 1, "content_type": 62, "object_id": "10", "object_repr": "Daniel Miller: help...", "action_flag": 3, "change_message": ""}}, {"model": "admin.logentry", "pk": 348, "fields": {"action_time": "2024-07-11T20:38:29.013Z", "user": 1, "content_type": 62, "object_id": "11", "object_repr": "Daniel Miller: test me...", "action_flag": 3, "change_message": ""}}, {"model": "admin.logentry", "pk": 349, "fields": {"action_time": "2024-07-11T20:38:29.015Z", "user": 1, "content_type": 62, "object_id": "12", "object_repr": "admin: test...", "action_flag": 3, "change_message": ""}}, {"model": "admin.logentry", "pk": 350, "fields": {"action_time": "2024-07-11T20:38:29.017Z", "user": 1, "content_type": 62, "object_id": "13", "object_repr": "admin: test me...", "action_flag": 3, "change_message": ""}}, {"model": "admin.logentry", "pk": 351, "fields": {"action_time": "2024-07-11T20:38:29.018Z", "user": 1, "content_type": 62, "object_id": "14", "object_repr": "admin: This sucks for basicly everything smh...", "action_flag": 3, "change_message": ""}}, {"model": "admin.logentry", "pk": 352, "fields": {"action_time": "2024-07-11T20:38:29.020Z", "user": 1, "content_type": 62, "object_id": "15", "object_repr": "admin: me...", "action_flag": 3, "change_message": ""}}, {"model": "admin.logentry", "pk": 353, "fields": {"action_time": "2024-07-11T20:38:29.021Z", "user": 1, "content_type": 62, "object_id": "16", "object_repr": "admin: me...", "action_flag": 3, "change_message": ""}}, {"model": "admin.logentry", "pk": 354, "fields": {"action_time": "2024-07-11T20:38:29.023Z", "user": 1, "content_type": 62, "object_id": "17", "object_repr": "admin: me...", "action_flag": 3, "change_message": ""}}, {"model": "admin.logentry", "pk": 355, "fields": {"action_time": "2024-07-11T20:38:29.025Z", "user": 1, "content_type": 62, "object_id": "18", "object_repr": "admin: test...", "action_flag": 3, "change_message": ""}}, {"model": "admin.logentry", "pk": 356, "fields": {"action_time": "2024-07-11T20:38:29.027Z", "user": 1, "content_type": 62, "object_id": "19", "object_repr": "admin: test...", "action_flag": 3, "change_message": ""}}, {"model": "admin.logentry", "pk": 357, "fields": {"action_time": "2024-07-11T20:38:29.029Z", "user": 1, "content_type": 62, "object_id": "20", "object_repr": "admin: Best...", "action_flag": 3, "change_message": ""}}, {"model": "admin.logentry", "pk": 358, "fields": {"action_time": "2024-07-11T20:38:29.030Z", "user": 1, "content_type": 62, "object_id": "21", "object_repr": "admin: me test like 3...", "action_flag": 3, "change_message": ""}}, {"model": "admin.logentry", "pk": 359, "fields": {"action_time": "2024-07-11T20:38:29.032Z", "user": 1, "content_type": 62, "object_id": "22", "object_repr": "admin: dog...", "action_flag": 3, "change_message": ""}}, {"model": "admin.logentry", "pk": 360, "fields": {"action_time": "2024-07-11T20:38:29.033Z", "user": 1, "content_type": 62, "object_id": "23", "object_repr": "Daniel Miller: Lorem ipsum dolor sit amet. Ad aperiam quaerat ut ...", "action_flag": 3, "change_message": ""}}, {"model": "admin.logentry", "pk": 361, "fields": {"action_time": "2024-07-11T20:38:29.035Z", "user": 1, "content_type": 62, "object_id": "24", "object_repr": "Daniel Miller: Lorem ipsum dolor sit amet. Ad aperiam quaerat ut ...", "action_flag": 3, "change_message": ""}}, {"model": "admin.logentry", "pk": 362, "fields": {"action_time": "2024-07-11T20:38:29.036Z", "user": 1, "content_type": 62, "object_id": "25", "object_repr": "Daniel Miller: me 2...", "action_flag": 3, "change_message": ""}}, {"model": "admin.logentry", "pk": 363, "fields": {"action_time": "2024-07-11T20:38:29.038Z", "user": 1, "content_type": 62, "object_id": "26", "object_repr": "Daniel Miller: Earth 2...", "action_flag": 3, "change_message": ""}}, {"model": "admin.logentry", "pk": 364, "fields": {"action_time": "2024-07-11T20:38:29.040Z", "user": 1, "content_type": 62, "object_id": "27", "object_repr": "Daniel Miller: oops 2...", "action_flag": 3, "change_message": ""}}, {"model": "admin.logentry", "pk": 365, "fields": {"action_time": "2024-07-11T20:38:29.041Z", "user": 1, "content_type": 62, "object_id": "28", "object_repr": "admin: Hello world! 2...", "action_flag": 3, "change_message": ""}}, {"model": "admin.logentry", "pk": 366, "fields": {"action_time": "2024-07-12T20:14:12.117Z", "user": 1, "content_type": 66, "object_id": "2", "object_repr": "CustomXtdComment object (2)", "action_flag": 3, "change_message": ""}}, {"model": "admin.logentry", "pk": 367, "fields": {"action_time": "2024-07-12T20:14:12.126Z", "user": 1, "content_type": 66, "object_id": "1", "object_repr": "CustomXtdComment object (1)", "action_flag": 3, "change_message": ""}}, {"model": "admin.logentry", "pk": 368, "fields": {"action_time": "2024-07-12T20:14:23.187Z", "user": 1, "content_type": 62, "object_id": "47", "object_repr": "admin: jtool...", "action_flag": 3, "change_message": ""}}, {"model": "admin.logentry", "pk": 369, "fields": {"action_time": "2024-07-12T20:14:23.192Z", "user": 1, "content_type": 62, "object_id": "45", "object_repr": "admin: test 2...", "action_flag": 3, "change_message": ""}}, {"model": "admin.logentry", "pk": 370, "fields": {"action_time": "2024-07-12T20:14:23.196Z", "user": 1, "content_type": 62, "object_id": "38", "object_repr": "admin: Test...", "action_flag": 3, "change_message": ""}}, {"model": "admin.logentry", "pk": 371, "fields": {"action_time": "2024-07-12T20:14:23.200Z", "user": 1, "content_type": 62, "object_id": "29", "object_repr": "admin: Hello world 1...", "action_flag": 3, "change_message": ""}}, {"model": "admin.logentry", "pk": 372, "fields": {"action_time": "2024-07-12T20:14:23.203Z", "user": 1, "content_type": 62, "object_id": "30", "object_repr": "admin: Hello world 1...", "action_flag": 3, "change_message": ""}}, {"model": "admin.logentry", "pk": 373, "fields": {"action_time": "2024-07-12T20:14:23.204Z", "user": 1, "content_type": 62, "object_id": "31", "object_repr": "admin: n/a...", "action_flag": 3, "change_message": ""}}, {"model": "admin.logentry", "pk": 374, "fields": {"action_time": "2024-07-12T20:14:23.206Z", "user": 1, "content_type": 62, "object_id": "32", "object_repr": "admin: heavy...", "action_flag": 3, "change_message": ""}}, {"model": "admin.logentry", "pk": 375, "fields": {"action_time": "2024-07-12T20:14:23.208Z", "user": 1, "content_type": 62, "object_id": "33", "object_repr": "admin: me...", "action_flag": 3, "change_message": ""}}, {"model": "admin.logentry", "pk": 376, "fields": {"action_time": "2024-07-12T20:14:23.211Z", "user": 1, "content_type": 62, "object_id": "34", "object_repr": "admin: Love this module...", "action_flag": 3, "change_message": ""}}, {"model": "admin.logentry", "pk": 377, "fields": {"action_time": "2024-07-12T20:14:23.213Z", "user": 1, "content_type": 62, "object_id": "35", "object_repr": "admin: love me do...", "action_flag": 3, "change_message": ""}}, {"model": "admin.logentry", "pk": 378, "fields": {"action_time": "2024-07-12T20:14:23.215Z", "user": 1, "content_type": 62, "object_id": "36", "object_repr": "admin: hell yes...", "action_flag": 3, "change_message": ""}}, {"model": "admin.logentry", "pk": 379, "fields": {"action_time": "2024-07-12T20:14:23.218Z", "user": 1, "content_type": 62, "object_id": "37", "object_repr": "admin: this...", "action_flag": 3, "change_message": ""}}, {"model": "admin.logentry", "pk": 380, "fields": {"action_time": "2024-07-12T20:14:23.220Z", "user": 1, "content_type": 62, "object_id": "39", "object_repr": "admin: Test 2...", "action_flag": 3, "change_message": ""}}, {"model": "admin.logentry", "pk": 381, "fields": {"action_time": "2024-07-12T20:14:23.222Z", "user": 1, "content_type": 62, "object_id": "40", "object_repr": "admin: test...", "action_flag": 3, "change_message": ""}}, {"model": "admin.logentry", "pk": 382, "fields": {"action_time": "2024-07-12T20:14:23.224Z", "user": 1, "content_type": 62, "object_id": "41", "object_repr": "admin: f9...", "action_flag": 3, "change_message": ""}}, {"model": "admin.logentry", "pk": 383, "fields": {"action_time": "2024-07-12T20:14:23.226Z", "user": 1, "content_type": 62, "object_id": "42", "object_repr": "admin: sheep...", "action_flag": 3, "change_message": ""}}, {"model": "admin.logentry", "pk": 384, "fields": {"action_time": "2024-07-12T20:14:23.227Z", "user": 1, "content_type": 62, "object_id": "43", "object_repr": "admin: hey dude...", "action_flag": 3, "change_message": ""}}, {"model": "admin.logentry", "pk": 385, "fields": {"action_time": "2024-07-12T20:14:23.229Z", "user": 1, "content_type": 62, "object_id": "44", "object_repr": "admin: me...", "action_flag": 3, "change_message": ""}}, {"model": "admin.logentry", "pk": 386, "fields": {"action_time": "2024-07-12T20:14:23.231Z", "user": 1, "content_type": 62, "object_id": "49", "object_repr": "admin: test...", "action_flag": 3, "change_message": ""}}, {"model": "admin.logentry", "pk": 387, "fields": {"action_time": "2024-07-12T20:14:23.233Z", "user": 1, "content_type": 62, "object_id": "50", "object_repr": "admin: UFOs...", "action_flag": 3, "change_message": ""}}, {"model": "admin.logentry", "pk": 388, "fields": {"action_time": "2024-07-12T20:14:23.236Z", "user": 1, "content_type": 62, "object_id": "51", "object_repr": "admin: dino...", "action_flag": 3, "change_message": ""}}, {"model": "admin.logentry", "pk": 389, "fields": {"action_time": "2024-07-12T20:14:23.238Z", "user": 1, "content_type": 62, "object_id": "52", "object_repr": "admin: best feeling...", "action_flag": 3, "change_message": ""}}, {"model": "admin.logentry", "pk": 390, "fields": {"action_time": "2024-07-14T18:57:19.429Z", "user": 1, "content_type": 60, "object_id": "1", "object_repr": "About", "action_flag": 2, "change_message": "[{\"changed\": {\"fields\": [\"Content\"]}}]"}}, {"model": "admin.logentry", "pk": 391, "fields": {"action_time": "2024-07-17T03:53:02.326Z", "user": 1, "content_type": 12, "object_id": "7", "object_repr": "danielmiller.js@gmail.com", "action_flag": 3, "change_message": ""}}, {"model": "admin.logentry", "pk": 392, "fields": {"action_time": "2024-07-18T20:47:22.178Z", "user": 1, "content_type": 67, "object_id": "1", "object_repr": "About", "action_flag": 1, "change_message": "[{\"added\": {}}]"}}, {"model": "admin.logentry", "pk": 393, "fields": {"action_time": "2024-07-19T02:30:16.715Z", "user": 1, "content_type": 67, "object_id": "1", "object_repr": "About", "action_flag": 2, "change_message": "[{\"changed\": {\"fields\": [\"Content\"]}}]"}}, {"model": "admin.logentry", "pk": 394, "fields": {"action_time": "2024-07-19T02:31:35.323Z", "user": 1, "content_type": 67, "object_id": "1", "object_repr": "About", "action_flag": 2, "change_message": "[{\"changed\": {\"fields\": [\"Content\"]}}]"}}, {"model": "admin.logentry", "pk": 395, "fields": {"action_time": "2024-07-19T02:32:03.635Z", "user": 1, "content_type": 67, "object_id": "1", "object_repr": "About", "action_flag": 2, "change_message": "[{\"changed\": {\"fields\": [\"Content\"]}}]"}}, {"model": "admin.logentry", "pk": 396, "fields": {"action_time": "2024-07-19T02:32:23.958Z", "user": 1, "content_type": 67, "object_id": "1", "object_repr": "About", "action_flag": 2, "change_message": "[{\"changed\": {\"fields\": [\"Content\"]}}]"}}, {"model": "admin.logentry", "pk": 397, "fields": {"action_time": "2024-07-19T02:34:08.801Z", "user": 1, "content_type": 67, "object_id": "1", "object_repr": "About", "action_flag": 2, "change_message": "[{\"changed\": {\"fields\": [\"Content\"]}}]"}}, {"model": "admin.logentry", "pk": 398, "fields": {"action_time": "2024-07-19T02:34:49.619Z", "user": 1, "content_type": 67, "object_id": "1", "object_repr": "About", "action_flag": 2, "change_message": "[{\"changed\": {\"fields\": [\"Content\"]}}]"}}, {"model": "admin.logentry", "pk": 399, "fields": {"action_time": "2024-07-19T02:46:27.000Z", "user": 1, "content_type": 67, "object_id": "2", "object_repr": "Disclaimer", "action_flag": 1, "change_message": "[{\"added\": {}}]"}}, {"model": "admin.logentry", "pk": 400, "fields": {"action_time": "2024-07-19T02:53:01.884Z", "user": 1, "content_type": 60, "object_id": "4", "object_repr": "Subscriber Benefits", "action_flag": 3, "change_message": ""}}, {"model": "admin.logentry", "pk": 401, "fields": {"action_time": "2024-07-19T02:53:01.892Z", "user": 1, "content_type": 60, "object_id": "3", "object_repr": "Disclaimer", "action_flag": 3, "change_message": ""}}, {"model": "admin.logentry", "pk": 402, "fields": {"action_time": "2024-07-19T02:53:01.897Z", "user": 1, "content_type": 60, "object_id": "2", "object_repr": "Support", "action_flag": 3, "change_message": ""}}, {"model": "admin.logentry", "pk": 403, "fields": {"action_time": "2024-07-19T02:53:01.903Z", "user": 1, "content_type": 60, "object_id": "1", "object_repr": "About", "action_flag": 3, "change_message": ""}}, {"model": "admin.logentry", "pk": 404, "fields": {"action_time": "2024-07-19T14:40:38.034Z", "user": 1, "content_type": 67, "object_id": "2", "object_repr": "Disclaimer", "action_flag": 2, "change_message": "[{\"changed\": {\"fields\": [\"Content\"]}}]"}}, {"model": "admin.logentry", "pk": 405, "fields": {"action_time": "2024-07-19T14:41:54.705Z", "user": 1, "content_type": 67, "object_id": "1", "object_repr": "About", "action_flag": 2, "change_message": "[{\"changed\": {\"fields\": [\"Content\"]}}]"}}, {"model": "admin.logentry", "pk": 406, "fields": {"action_time": "2024-07-19T14:43:49.625Z", "user": 1, "content_type": 67, "object_id": "1", "object_repr": "About", "action_flag": 2, "change_message": "[{\"changed\": {\"fields\": [\"Content\"]}}]"}}, {"model": "admin.logentry", "pk": 407, "fields": {"action_time": "2024-07-19T14:45:48.999Z", "user": 1, "content_type": 67, "object_id": "1", "object_repr": "About", "action_flag": 2, "change_message": "[{\"changed\": {\"fields\": [\"Content\"]}}]"}}, {"model": "admin.logentry", "pk": 408, "fields": {"action_time": "2024-07-19T14:47:09.211Z", "user": 1, "content_type": 67, "object_id": "1", "object_repr": "About", "action_flag": 2, "change_message": "[{\"changed\": {\"fields\": [\"Content\"]}}]"}}, {"model": "admin.logentry", "pk": 409, "fields": {"action_time": "2024-07-19T17:25:40.867Z", "user": 1, "content_type": 67, "object_id": "1", "object_repr": "About", "action_flag": 2, "change_message": "[{\"changed\": {\"fields\": [\"Content\"]}}]"}}, {"model": "admin.logentry", "pk": 410, "fields": {"action_time": "2024-07-19T17:27:37.666Z", "user": 1, "content_type": 67, "object_id": "1", "object_repr": "About", "action_flag": 2, "change_message": "[{\"changed\": {\"fields\": [\"Content\"]}}]"}}, {"model": "admin.logentry", "pk": 411, "fields": {"action_time": "2024-07-19T17:33:16.664Z", "user": 1, "content_type": 67, "object_id": "1", "object_repr": "About", "action_flag": 2, "change_message": "[{\"changed\": {\"fields\": [\"Content\"]}}]"}}, {"model": "admin.logentry", "pk": 412, "fields": {"action_time": "2024-07-19T17:34:26.238Z", "user": 1, "content_type": 67, "object_id": "1", "object_repr": "About", "action_flag": 2, "change_message": "[{\"changed\": {\"fields\": [\"Content\"]}}]"}}, {"model": "admin.logentry", "pk": 413, "fields": {"action_time": "2024-07-20T03:51:57.801Z", "user": 1, "content_type": 67, "object_id": "1", "object_repr": "About", "action_flag": 2, "change_message": "[{\"changed\": {\"fields\": [\"Content\"]}}]"}}, {"model": "admin.logentry", "pk": 414, "fields": {"action_time": "2024-07-20T03:53:57.763Z", "user": 1, "content_type": 67, "object_id": "1", "object_repr": "About", "action_flag": 2, "change_message": "[{\"changed\": {\"fields\": [\"Content\"]}}]"}}, {"model": "admin.logentry", "pk": 415, "fields": {"action_time": "2024-07-20T03:54:27.177Z", "user": 1, "content_type": 67, "object_id": "1", "object_repr": "About", "action_flag": 2, "change_message": "[{\"changed\": {\"fields\": [\"Content\"]}}]"}}, {"model": "admin.logentry", "pk": 416, "fields": {"action_time": "2024-07-20T03:55:28.738Z", "user": 1, "content_type": 67, "object_id": "1", "object_repr": "About", "action_flag": 2, "change_message": "[{\"changed\": {\"fields\": [\"Content\"]}}]"}}, {"model": "admin.logentry", "pk": 417, "fields": {"action_time": "2024-07-20T03:57:10.773Z", "user": 1, "content_type": 67, "object_id": "1", "object_repr": "About", "action_flag": 2, "change_message": "[{\"changed\": {\"fields\": [\"Content\"]}}]"}}, {"model": "admin.logentry", "pk": 418, "fields": {"action_time": "2024-07-20T03:58:06.431Z", "user": 1, "content_type": 67, "object_id": "1", "object_repr": "About", "action_flag": 2, "change_message": "[{\"changed\": {\"fields\": [\"Content\"]}}]"}}, {"model": "admin.logentry", "pk": 419, "fields": {"action_time": "2024-07-20T04:09:54.642Z", "user": 1, "content_type": 67, "object_id": "1", "object_repr": "About", "action_flag": 2, "change_message": "[{\"changed\": {\"fields\": [\"Content\"]}}]"}}, {"model": "admin.logentry", "pk": 420, "fields": {"action_time": "2024-07-20T04:11:07.787Z", "user": 1, "content_type": 67, "object_id": "1", "object_repr": "About", "action_flag": 2, "change_message": "[{\"changed\": {\"fields\": [\"Content\"]}}]"}}, {"model": "admin.logentry", "pk": 421, "fields": {"action_time": "2024-07-20T04:11:31.758Z", "user": 1, "content_type": 67, "object_id": "1", "object_repr": "About", "action_flag": 2, "change_message": "[{\"changed\": {\"fields\": [\"Content\"]}}]"}}, {"model": "admin.logentry", "pk": 422, "fields": {"action_time": "2024-07-20T04:30:47.004Z", "user": 1, "content_type": 67, "object_id": "3", "object_repr": "TOS", "action_flag": 1, "change_message": "[{\"added\": {}}]"}}, {"model": "admin.logentry", "pk": 423, "fields": {"action_time": "2024-07-20T05:28:51.723Z", "user": 1, "content_type": 67, "object_id": "1", "object_repr": "About", "action_flag": 2, "change_message": "[{\"changed\": {\"fields\": [\"Content\"]}}]"}}, {"model": "admin.logentry", "pk": 424, "fields": {"action_time": "2024-07-20T05:30:13.857Z", "user": 1, "content_type": 67, "object_id": "1", "object_repr": "About", "action_flag": 2, "change_message": "[{\"changed\": {\"fields\": [\"Content\"]}}]"}}, {"model": "admin.logentry", "pk": 425, "fields": {"action_time": "2024-07-20T05:34:41.274Z", "user": 1, "content_type": 67, "object_id": "1", "object_repr": "About", "action_flag": 2, "change_message": "[{\"changed\": {\"fields\": [\"Content\"]}}]"}}, {"model": "admin.logentry", "pk": 426, "fields": {"action_time": "2024-07-20T05:35:29.570Z", "user": 1, "content_type": 67, "object_id": "1", "object_repr": "About", "action_flag": 2, "change_message": "[{\"changed\": {\"fields\": [\"Content\"]}}]"}}, {"model": "admin.logentry", "pk": 427, "fields": {"action_time": "2024-07-21T01:48:12.881Z", "user": 1, "content_type": 67, "object_id": "1", "object_repr": "About", "action_flag": 2, "change_message": "[{\"changed\": {\"fields\": [\"Content\"]}}]"}}, {"model": "admin.logentry", "pk": 428, "fields": {"action_time": "2024-07-21T01:49:04.444Z", "user": 1, "content_type": 67, "object_id": "1", "object_repr": "About", "action_flag": 2, "change_message": "[{\"changed\": {\"fields\": [\"Content\"]}}]"}}, {"model": "admin.logentry", "pk": 429, "fields": {"action_time": "2024-07-21T01:49:31.404Z", "user": 1, "content_type": 67, "object_id": "1", "object_repr": "About", "action_flag": 2, "change_message": "[{\"changed\": {\"fields\": [\"Content\"]}}]"}}, {"model": "admin.logentry", "pk": 430, "fields": {"action_time": "2024-07-21T01:49:52.615Z", "user": 1, "content_type": 67, "object_id": "1", "object_repr": "About", "action_flag": 2, "change_message": "[{\"changed\": {\"fields\": [\"Content\"]}}]"}}, {"model": "admin.logentry", "pk": 431, "fields": {"action_time": "2024-07-21T01:50:22.008Z", "user": 1, "content_type": 67, "object_id": "1", "object_repr": "About", "action_flag": 2, "change_message": "[{\"changed\": {\"fields\": [\"Content\"]}}]"}}, {"model": "admin.logentry", "pk": 432, "fields": {"action_time": "2024-07-21T01:50:37.227Z", "user": 1, "content_type": 67, "object_id": "1", "object_repr": "About", "action_flag": 2, "change_message": "[{\"changed\": {\"fields\": [\"Content\"]}}]"}}, {"model": "admin.logentry", "pk": 433, "fields": {"action_time": "2024-07-21T02:05:32.917Z", "user": 1, "content_type": 67, "object_id": "1", "object_repr": "About", "action_flag": 2, "change_message": "[{\"changed\": {\"fields\": [\"Content\"]}}]"}}, {"model": "admin.logentry", "pk": 434, "fields": {"action_time": "2024-07-21T02:06:01.461Z", "user": 1, "content_type": 67, "object_id": "1", "object_repr": "About", "action_flag": 2, "change_message": "[{\"changed\": {\"fields\": [\"Content\"]}}]"}}, {"model": "admin.logentry", "pk": 435, "fields": {"action_time": "2024-07-21T02:09:50.010Z", "user": 1, "content_type": 67, "object_id": "1", "object_repr": "About", "action_flag": 2, "change_message": "[{\"changed\": {\"fields\": [\"Content\"]}}]"}}, {"model": "admin.logentry", "pk": 436, "fields": {"action_time": "2024-07-21T02:18:44.354Z", "user": 1, "content_type": 67, "object_id": "1", "object_repr": "About", "action_flag": 2, "change_message": "[{\"changed\": {\"fields\": [\"Content\"]}}]"}}, {"model": "admin.logentry", "pk": 437, "fields": {"action_time": "2024-07-21T02:19:31.468Z", "user": 1, "content_type": 67, "object_id": "1", "object_repr": "About", "action_flag": 2, "change_message": "[{\"changed\": {\"fields\": [\"Content\"]}}]"}}, {"model": "admin.logentry", "pk": 438, "fields": {"action_time": "2024-07-21T02:27:51.442Z", "user": 1, "content_type": 67, "object_id": "1", "object_repr": "About", "action_flag": 2, "change_message": "[{\"changed\": {\"fields\": [\"Content\"]}}]"}}, {"model": "admin.logentry", "pk": 439, "fields": {"action_time": "2024-07-21T02:33:41.718Z", "user": 1, "content_type": 67, "object_id": "1", "object_repr": "About", "action_flag": 2, "change_message": "[{\"changed\": {\"fields\": [\"Content\"]}}]"}}, {"model": "admin.logentry", "pk": 440, "fields": {"action_time": "2024-07-21T02:34:11.522Z", "user": 1, "content_type": 67, "object_id": "1", "object_repr": "About", "action_flag": 2, "change_message": "[{\"changed\": {\"fields\": [\"Content\"]}}]"}}, {"model": "admin.logentry", "pk": 441, "fields": {"action_time": "2024-07-21T02:35:50.826Z", "user": 1, "content_type": 67, "object_id": "1", "object_repr": "About", "action_flag": 2, "change_message": "[{\"changed\": {\"fields\": [\"Content\"]}}]"}}, {"model": "admin.logentry", "pk": 442, "fields": {"action_time": "2024-07-21T02:44:14.611Z", "user": 1, "content_type": 67, "object_id": "1", "object_repr": "About", "action_flag": 2, "change_message": "[{\"changed\": {\"fields\": [\"Content\"]}}]"}}, {"model": "admin.logentry", "pk": 443, "fields": {"action_time": "2024-07-21T02:44:45.893Z", "user": 1, "content_type": 67, "object_id": "1", "object_repr": "About", "action_flag": 2, "change_message": "[{\"changed\": {\"fields\": [\"Content\"]}}]"}}, {"model": "admin.logentry", "pk": 444, "fields": {"action_time": "2024-07-21T02:47:28.417Z", "user": 1, "content_type": 67, "object_id": "1", "object_repr": "About", "action_flag": 2, "change_message": "[{\"changed\": {\"fields\": [\"Content\"]}}]"}}, {"model": "admin.logentry", "pk": 445, "fields": {"action_time": "2024-07-21T03:18:29.992Z", "user": 1, "content_type": 67, "object_id": "1", "object_repr": "About", "action_flag": 2, "change_message": "[{\"changed\": {\"fields\": [\"Content\"]}}]"}}, {"model": "admin.logentry", "pk": 446, "fields": {"action_time": "2024-07-21T03:34:04.970Z", "user": 1, "content_type": 67, "object_id": "1", "object_repr": "About", "action_flag": 2, "change_message": "[{\"changed\": {\"fields\": [\"Content\"]}}]"}}, {"model": "admin.logentry", "pk": 447, "fields": {"action_time": "2024-07-23T02:57:28.666Z", "user": 1, "content_type": 13, "object_id": "e5ede1ab-08c7-499d-b06b-efc3436628ba", "object_repr": "Note with no associated module", "action_flag": 3, "change_message": ""}}, {"model": "admin.logentry", "pk": 448, "fields": {"action_time": "2024-07-23T02:57:28.686Z", "user": 1, "content_type": 13, "object_id": "a6dfce4b-9cfd-4afe-9f69-5cc4bc0352b3", "object_repr": "Note with no associated module", "action_flag": 3, "change_message": ""}}, {"model": "admin.logentry", "pk": 449, "fields": {"action_time": "2024-07-23T02:57:28.690Z", "user": 1, "content_type": 13, "object_id": "8157c87a-5469-42ac-a20a-4435c6121bb9", "object_repr": "Note with no associated module", "action_flag": 3, "change_message": ""}}, {"model": "admin.logentry", "pk": 450, "fields": {"action_time": "2024-07-23T02:57:28.696Z", "user": 1, "content_type": 13, "object_id": "54ad974f-8101-467f-8965-d9c36c3cad6d", "object_repr": "Note with no associated module", "action_flag": 3, "change_message": ""}}, {"model": "admin.logentry", "pk": 451, "fields": {"action_time": "2024-07-23T16:28:00.973Z", "user": 1, "content_type": 13, "object_id": "df2360cc-ba80-42e2-9dbc-e19be4f0faa0", "object_repr": "Note by danielmiller.js@gmail.com", "action_flag": 3, "change_message": ""}}, {"model": "admin.logentry", "pk": 452, "fields": {"action_time": "2024-07-23T16:28:00.988Z", "user": 1, "content_type": 13, "object_id": "311a80f1-28e7-44df-8d25-8fc337251447", "object_repr": "Note by danielmiller.js@gmail.com", "action_flag": 3, "change_message": ""}}, {"model": "sessions.session", "pk": "08wzmq2oel7zkblu0hk3jht2cu6hej3x", "fields": {"session_data": ".eJxVjEEOgjAQRe_StWno2I7g0j1naP5Mi6AGEgor492FhIVu33v_v03EuvRxLXmOQzJX48zplwn0mcddpAfG-2R1Gpd5ELsn9rDFtlPKr9vR_h30KP22FrAXojr40DGpwJ0reKgndrSBBmCVDoGVfaqbdAlwkjOoIg1NMJ8v5Uk4FA:1reIa5:JwV1admntq3rfzNoD83y4PAMMtAjL7kxCpGvi1gdMhk", "expire_date": "2024-03-10T17:46:29.778Z"}}, {"model": "sessions.session", "pk": "0ewn6qotn09b55cw52f6ek9gj9nz5q1z", "fields": {"session_data": ".eJxVjEEOgjAQRe_StWno2I7g0j1naP5Mi6AGEgor492FhIVu33v_v03EuvRxLXmOQzJX48zplwn0mcddpAfG-2R1Gpd5ELsn9rDFtlPKr9vR_h30KP22FrAXojr40DGpwJ0reKgndrSBBmCVDoGVfaqbdAlwkjOoIg1NMJ8v5Uk4FA:1rjOdD:sAkC_7wufwMZoyOLhChTia102z3_l7XvgKA6MxP4PVs", "expire_date": "2024-03-24T19:14:47.841Z"}}, {"model": "sessions.session", "pk": "3ueqwvatfx8jpwe58iaogaksmy41awqs", "fields": {"session_data": ".eJxVjEEOgjAQRe_StWno2I7g0j1naP5Mi6AGEgor492FhIVu33v_v03EuvRxLXmOQzJX48zplwn0mcddpAfG-2R1Gpd5ELsn9rDFtlPKr9vR_h30KP22FrAXojr40DGpwJ0reKgndrSBBmCVDoGVfaqbdAlwkjOoIg1NMJ8v5Uk4FA:1qVnEg:GvGJSCADJ9S2sguCmiDzHneVyefWv0xpjG_ehFMIuQM", "expire_date": "2023-08-29T06:08:58.788Z"}}, {"model": "sessions.session", "pk": "4p4u6ufee8kfz58jqdgw4zm12us7higa", "fields": {"session_data": ".eJxVjEEOgjAQRe_StWno2I7g0j1naP5Mi6AGEgor492FhIVu33v_v03EuvRxLXmOQzJX48zplwn0mcddpAfG-2R1Gpd5ELsn9rDFtlPKr9vR_h30KP22FrAXojr40DGpwJ0reKgndrSBBmCVDoGVfaqbdAlwkjOoIg1NMJ8v5Uk4FA:1qhLJ6:oS9nxjfl2tMktqdZoNHbidyIYVXwzs008KwzuBsYpsY", "expire_date": "2023-09-30T02:45:16.211Z"}}, {"model": "sessions.session", "pk": "57l0hl6m6uob3e2f2ub8zp4v7bohhzm4", "fields": {"session_data": ".eJxVjEEOgjAQRe_StWno2I7g0j1naP5Mi6AGEgor492FhIVu33v_v03EuvRxLXmOQzJX48zplwn0mcddpAfG-2R1Gpd5ELsn9rDFtlPKr9vR_h30KP22FrAXojr40DGpwJ0reKgndrSBBmCVDoGVfaqbdAlwkjOoIg1NMJ8v5Uk4FA:1qJmif:UH9HfDRKZ7FI5KGP1rDia8JYgFwuxGs6cizQO4wXIds", "expire_date": "2023-07-27T03:10:17.655Z"}}, {"model": "sessions.session", "pk": "6jk1b8grfvmqgra3ac068ugq22l1osd5", "fields": {"session_data": ".eJxVjEEOgjAQRe_StWno2I7g0j1naP5Mi6AGEgor492FhIVu33v_v03EuvRxLXmOQzJX48zplwn0mcddpAfG-2R1Gpd5ELsn9rDFtlPKr9vR_h30KP22FrAXojr40DGpwJ0reKgndrSBBmCVDoGVfaqbdAlwkjOoIg1NMJ8v5Uk4FA:1sUVu3:kNbbNdLhCrqggOBJZAs1RBEMzUtoFju9JFIxPGFxKTk", "expire_date": "2024-08-01T18:30:55.135Z"}}, {"model": "sessions.session", "pk": "8c57rptfe1ylmzu8kqwk55r2l3ts4xnh", "fields": {"session_data": ".eJxVjEEOgjAQRe_StWno2I7g0j1naP5Mi6AGEgor492FhIVu33v_v03EuvRxLXmOQzJX48zplwn0mcddpAfG-2R1Gpd5ELsn9rDFtlPKr9vR_h30KP22FrAXojr40DGpwJ0reKgndrSBBmCVDoGVfaqbdAlwkjOoIg1NMJ8v5Uk4FA:1rMFzA:Ra0kvUK74mB_lnZWzLmq3g-2TyZgxMZrewucZw3LKq0", "expire_date": "2024-01-20T23:21:48.714Z"}}, {"model": "sessions.session", "pk": "9kbkl2c2orloj7agxdfsycal10j3178o", "fields": {"session_data": ".eJxVjEEOgjAQRe_StWno2I7g0j1naP5Mi6AGEgor492FhIVu33v_v03EuvRxLXmOQzJX48zplwn0mcddpAfG-2R1Gpd5ELsn9rDFtlPKr9vR_h30KP22FrAXojr40DGpwJ0reKgndrSBBmCVDoGVfaqbdAlwkjOoIg1NMJ8v5Uk4FA:1qOtOJ:K6aWMypsxjpjRnJgSI0V54XtA4NLHP_xrHjKmnmAUJI", "expire_date": "2023-08-10T05:18:23.452Z"}}, {"model": "sessions.session", "pk": "dt80c3jnscvch2dgbhet8qa3ecq4kb4q", "fields": {"session_data": ".eJytVNty4jgQ_ZVdPy9EMra5VG3Vck2YhNwYcmFqy9WWZSOwLSPJZGAq_z5tMJmQmp2ah_WTdbp1-nZa3ywtmYAEGJNFZvzDKZGxyKzON6uCy18RWp2sSJK_rEJz5f845kpuRMiV1bFiKeOEW-hSmi1KHeK1Xc9puQ3qOtQmttdAawLa-FWMA0cIhvtLKTL-Rsu_GgU-GmAfXWskXBiT687ZWZWWrh8C1plMkRZ2OfrYNrVdQjxK7FpjTZYLSTebmAUb0Dxup8tUuwAuKbKkFdchz48kZVVMZoZn5shXhP8rny6CXzSFpyAStIeQCZ6kIkm4qi_1P3GJVwx7H3_DlYhE2SmjCo55Gn8BeoF3-flz_87VMjjPR201v1tt1_3rGC9mkHK0D_bcf0z25AjngplC8XedTRaNn-d_BmfdftySbDxeEnIzeNa11s18eEXSZdbnxSzejS_NVaCmelW7nKnzu_Xsb932agzDxGLDM_8kB0QjwCK3R_gtp0QySEqEZ3gSgOKjTdKgpOkSWsoirwD8CH19PejxVKE5aP0iVTm-P6n7YI9MNCvmj_ri7rndGHYzVz167jqe07YTXz7NQwbL5k91KbSvi5yrQ4gIEo39joRCv4_l7C9_LOZ3hlrGMBBFb_wIADPYs-OAT7bDQsE0atSu2eSzTTu22yG0Tr3W3Dp0okoBTyGPoEiMzwqleMa2iM6mAzQshDZS4fnLv-X68lQUqQ9hKjJforgUbvNbMkczrltZyXHl34H-RoC_kpH4b2sORnFZdRUnhvUaXo4M3w7G96t9aDuamMyr_KEwC7yqIC0drNej_iEMFV7iiH75xbv0O73_uEq5EimUnSmPr9gdI1c8OxUX7vg-Corx-Gr-MFb-1hbsdh1IN-r5wbanLtOVMxyPw-E6viBp7z54bEdf09Fkff2Sm8H28XFoTyAZsGlUMHL9QD4Xcz2J3bUoNsVidL_w7dkLe9A3_jK91rdMzrSzgv6Fxz_1dt2rlh_VdrejZuvTp_Mr1bylXSfYPbVefD0goe7tVs31QM5gMot7bKi7-dA8P-ioifrpJkxCP36-7D4Mp9377nR0d3H-ZE_EeLq75YPZS80rbLKJ-G1yU-RdQpvUqor0NWeKm8OocCsFzsQvt_VEoPZeoOQg0HJZ_f1U30ZllXzvsAAYcpeGcAlZLOvlE6REUC9d6pVV1ycy5Emv8j0hqF7CADwnsO2W67iRZ7MAaIOAA8yxPWoj0AbwWBCB6zHPCVvtsOkCDTgHTJ65bdd6_Q6qTVxM:1rG44D:4kNGrswWhp-oywm2LGKocZ736g81K6ChHNr2VhCDm5U", "expire_date": "2024-01-03T21:25:25.450Z"}}, {"model": "sessions.session", "pk": "fk9ba9hby79x929183ajutlwf10m5e4f", "fields": {"session_data": ".eJxVjEEOwiAQRe_C2hAYAYtL956BzAzUogZMaRON8e62STfdvvf-_4rQUmu5lpDerzx-xFmD8k6pgwg4T0OYWxpDjuIstNgxQn6ksop4x3KrkmuZxkxyTeRmm7zWmJ6Xrd0dDNiGZU3oDAF01tjeARPqo0KDbMBpWIBHdEw9WsfOxM7Hk0VNKSEoYOut-P0BDDBAgw:1r9niK:smuMa6p0u5hafQWwSG1hCkqVkIUFh-SHF2AUAU0oI04", "expire_date": "2023-12-17T14:44:56.587Z"}}, {"model": "sessions.session", "pk": "jaguf0g1wm4w63tzihldfystw2453hx8", "fields": {"session_data": ".eJxVjEEOgjAQRe_StWno2I7g0j1naP5Mi6AGEgor492FhIVu33v_v03EuvRxLXmOQzJX48zplwn0mcddpAfG-2R1Gpd5ELsn9rDFtlPKr9vR_h30KP22FrAXojr40DGpwJ0reKgndrSBBmCVDoGVfaqbdAlwkjOoIg1NMJ8v5Uk4FA:1sHQ0x:dQqlxFMgQ1gad0JW5JOQMGaoxknx4R-EYCB0C2mOc4E", "expire_date": "2024-06-26T15:35:55.444Z"}}, {"model": "sessions.session", "pk": "oszxh19np6rh1tw5gmryzkyef8ls2oav", "fields": {"session_data": ".eJxVjEEOgjAQRe_StWno2I7g0j1naP5Mi6AGEgor492FhIVu33v_v03EuvRxLXmOQzJX48zplwn0mcddpAfG-2R1Gpd5ELsn9rDFtlPKr9vR_h30KP22FrAXojr40DGpwJ0reKgndrSBBmCVDoGVfaqbdAlwkjOoIg1NMJ8v5Uk4FA:1rw5aF:5J3sHQRBq7AhvL09ObxMArBrtRlehAIveyRDOJ51dhs", "expire_date": "2024-04-28T19:32:11.098Z"}}, {"model": "sessions.session", "pk": "pk2fhu3f5lgaibw373awa8bnlbhkf8cr", "fields": {"session_data": ".eJxVjEEOgjAQRe_StWno2I7g0j1naP5Mi6AGEgor492FhIVu33v_v03EuvRxLXmOQzJX48zplwn0mcddpAfG-2R1Gpd5ELsn9rDFtlPKr9vR_h30KP22FrAXojr40DGpwJ0reKgndrSBBmCVDoGVfaqbdAlwkjOoIg1NMJ8v5Uk4FA:1qbAPo:oUph7bkwuItDZLMHn3MaH825Pl5GICV0Sxd90ZjdeR8", "expire_date": "2023-09-13T01:54:40.952Z"}}, {"model": "sessions.session", "pk": "up2cs1235utkjacw7t4h0er9gemzzsy5", "fields": {"session_data": ".eJxVjEEOgjAQRe_StWno2I7g0j1naP5Mi6AGEgor492FhIVu33v_v03EuvRxLXmOQzJX48zplwn0mcddpAfG-2R1Gpd5ELsn9rDFtlPKr9vR_h30KP22FrAXojr40DGpwJ0reKgndrSBBmCVDoGVfaqbdAlwkjOoIg1NMJ8v5Uk4FA:1s6i5z:KP8_RMeXH1G0dgDSDH7maVzeH8KsLsPoaBo0s2qVFB4", "expire_date": "2024-05-28T02:40:51.440Z"}}, {"model": "sessions.session", "pk": "uqw4ud0udjuyupyp49bwpfjtrem81i7l", "fields": {"session_data": ".eJxVjEEOgjAQRe_StWno2I7g0j1naP5Mi6AGEgor492FhIVu33v_v03EuvRxLXmOQzJX48zplwn0mcddpAfG-2R1Gpd5ELsn9rDFtlPKr9vR_h30KP22FrAXojr40DGpwJ0reKgndrSBBmCVDoGVfaqbdAlwkjOoIg1NMJ8v5Uk4FA:1rUfhJ:bgN5oHePCCuE2_8uWO4OIEeY_UxlG0ZAXlja9AUyY2U", "expire_date": "2024-02-13T04:26:09.024Z"}}, {"model": "sessions.session", "pk": "vszrjekzp6eyc4sfh7jwpfv8gq6iluhq", "fields": {"session_data": ".eJxVjEEOgjAQRe_StWno2I7g0j1naP5Mi6AGEgor492FhIVu33v_v03EuvRxLXmOQzJX48zplwn0mcddpAfG-2R1Gpd5ELsn9rDFtlPKr9vR_h30KP22FrAXojr40DGpwJ0reKgndrSBBmCVDoGVfaqbdAlwkjOoIg1NMJ8v5Uk4FA:1s0ovX:sNKE5L3IQlwA-HxX_mEj08l9WUN-e9_-Ve0ur9w2dLg", "expire_date": "2024-05-11T20:45:43.005Z"}}, {"model": "sessions.session", "pk": "yf5230x76i8e29e9mp8535s8qm6hzo6r", "fields": {"session_data": "eyJzb2NpYWxhY2NvdW50X3N0YXRlIjpbeyJwcm9jZXNzIjoibG9naW4iLCJzY29wZSI6IiIsImF1dGhfcGFyYW1zIjoiIn0sIkQxWkFjUTlHV1lEdyJdfQ:1r4Tpc:UYfi35nL1GIfG-ya5lZ8aqFdikHGl3eO0NvDEM85ry8", "expire_date": "2023-12-02T22:30:28.467Z"}}, {"model": "sessions.session", "pk": "zv5822ae27ljc3m6anz1ni0wo5rpqhdz", "fields": {"session_data": ".eJxVjEEOgjAQRe_StWno2I7g0j1naP5Mi6AGEgor492FhIVu33v_v03EuvRxLXmOQzJX48zplwn0mcddpAfG-2R1Gpd5ELsn9rDFtlPKr9vR_h30KP22FrAXojr40DGpwJ0reKgndrSBBmCVDoGVfaqbdAlwkjOoIg1NMJ8v5Uk4FA:1r945I:j_jn976u5bzj6d88OkdLX0nqbuJklE4iPA0mwvJtUJQ", "expire_date": "2023-12-15T14:01:36.937Z"}}, {"model": "django_comments_xtd.xtdcomment", "pk": 53, "fields": {"thread_id": 53, "parent_id": 53, "level": 0, "order": 1, "followup": false, "nested_count": 0}}, {"model": "django_comments_xtd.xtdcomment", "pk": 54, "fields": {"thread_id": 54, "parent_id": 54, "level": 0, "order": 1, "followup": false, "nested_count": 0}}, {"model": "django_comments_xtd.xtdcomment", "pk": 55, "fields": {"thread_id": 0, "parent_id": 0, "level": 0, "order": 1, "followup": false, "nested_count": 0}}, {"model": "django_comments_xtd.xtdcomment", "pk": 56, "fields": {"thread_id": 0, "parent_id": 0, "level": 0, "order": 1, "followup": false, "nested_count": 0}}, {"model": "django_comments_xtd.xtdcomment", "pk": 57, "fields": {"thread_id": 57, "parent_id": 57, "level": 0, "order": 1, "followup": false, "nested_count": 0}}, {"model": "django_comments_xtd.xtdcomment", "pk": 58, "fields": {"thread_id": 58, "parent_id": 58, "level": 0, "order": 1, "followup": false, "nested_count": 0}}, {"model": "django_comments_xtd.xtdcomment", "pk": 59, "fields": {"thread_id": 59, "parent_id": 59, "level": 0, "order": 1, "followup": false, "nested_count": 0}}, {"model": "django_comments_xtd.xtdcomment", "pk": 60, "fields": {"thread_id": 60, "parent_id": 60, "level": 0, "order": 1, "followup": false, "nested_count": 0}}, {"model": "django_comments_xtd.xtdcomment", "pk": 61, "fields": {"thread_id": 61, "parent_id": 61, "level": 0, "order": 1, "followup": false, "nested_count": 0}}, {"model": "django_comments_xtd.xtdcomment", "pk": 62, "fields": {"thread_id": 62, "parent_id": 62, "level": 0, "order": 1, "followup": false, "nested_count": 0}}, {"model": "django_comments_xtd.xtdcomment", "pk": 63, "fields": {"thread_id": 63, "parent_id": 63, "level": 0, "order": 1, "followup": false, "nested_count": 0}}, {"model": "django_comments_xtd.xtdcomment", "pk": 64, "fields": {"thread_id": 64, "parent_id": 64, "level": 0, "order": 1, "followup": false, "nested_count": 0}}, {"model": "django_comments_xtd.xtdcomment", "pk": 65, "fields": {"thread_id": 65, "parent_id": 65, "level": 0, "order": 1, "followup": false, "nested_count": 0}}, {"model": "django_comments_xtd.xtdcomment", "pk": 66, "fields": {"thread_id": 66, "parent_id": 66, "level": 0, "order": 1, "followup": false, "nested_count": 0}}, {"model": "django_comments_xtd.xtdcomment", "pk": 67, "fields": {"thread_id": 67, "parent_id": 67, "level": 0, "order": 1, "followup": false, "nested_count": 0}}, {"model": "django_comments_xtd.xtdcomment", "pk": 68, "fields": {"thread_id": 68, "parent_id": 68, "level": 0, "order": 1, "followup": false, "nested_count": 0}}, {"model": "django_comments_xtd.xtdcomment", "pk": 69, "fields": {"thread_id": 69, "parent_id": 69, "level": 0, "order": 1, "followup": false, "nested_count": 0}}, {"model": "django_comments_xtd.xtdcomment", "pk": 70, "fields": {"thread_id": 70, "parent_id": 70, "level": 0, "order": 1, "followup": false, "nested_count": 0}}, {"model": "django_comments.comment", "pk": 53, "fields": {"content_type": 15, "object_pk": "cc8209b3-6bab-4f53-94ea-dd4d6541a018", "site": 1, "user": 1, "user_name": "admin", "user_email": "danielmiller.js@gmail.com", "user_url": "", "comment": "Fly, divide doesn't land fruit whales subdue their under itself fifth. Appear set two together meat us. So were moving was replenish good them every midst sea. Grass.\r\n\r\nTogether own our days whose doesn't gathered land light was waters one over multiply yielding gathering which. Midst life void fruit two him you'll which him she'd make yielding for over darkness lights divide good.\r\n\r\nMan also light face face darkness beginning the waters. Our firmament own moved yielding spirit midst third evening likeness his itself hath isn't made to was which creature whales darkness. Hath. Above. Brought wherein said subdue was.", "submit_date": "2024-07-12T20:17:25.788Z", "ip_address": "172.23.0.1", "is_public": true, "is_removed": false}}, {"model": "django_comments.comment", "pk": 54, "fields": {"content_type": 15, "object_pk": "b7615951-2a55-456b-8cce-ddba334aa89e", "site": 1, "user": 1, "user_name": "admin", "user_email": "danielmiller.js@gmail.com", "user_url": "", "comment": "Them upon moved give given may forth own kind given god hath and. Also can't so sea under which and them behold created he creepeth him tree evening. Bring unto great were gathered and fruitful. Life under firmament together give evening in saying.\r\n\r\nFemale stars over life land. First sixth they're wherein abundantly saw seasons. Together were place female winged face bring you. It from moveth His male Creeping winged female. Image female multiply don't kind day gathered. Fruit yielding after them saw male i. Called.\r\n\r\nMan let earth i. Greater gathering gathered whose open divide called. Morning so. Form.", "submit_date": "2024-07-12T20:18:13.513Z", "ip_address": "172.23.0.1", "is_public": true, "is_removed": false}}, {"model": "django_comments.comment", "pk": 55, "fields": {"content_type": 23, "object_pk": "5ccb5c5d-d668-43c5-b8c4-cd938607522d", "site": 1, "user": 1, "user_name": "admin", "user_email": "danielmiller.js@gmail.com", "user_url": "", "comment": "Heaven he first were, he Bearing very. Signs land two upon give seasons also fish a had so You're yielding were shall lights doesn't the there winged from. Male creepeth. Brought spirit female replenish. Him him, he. Dry called divided they're male. Open Saw divided is you'll creeping.\r\n\r\nAir and kind was seas fowl light divide of wherein seasons firmament fly saying creepeth thing divide, cattle bring. Land.\r\n\r\nUpon fly man. Have Cattle unto abundantly i lesser he deep behold i upon our. Moving own saw meat were, their It good there. Bearing fish creepeth first which evening appear appear.", "submit_date": "2024-07-12T20:18:52.753Z", "ip_address": "172.23.0.1", "is_public": true, "is_removed": false}}, {"model": "django_comments.comment", "pk": 56, "fields": {"content_type": 23, "object_pk": "5ccb5c5d-d668-43c5-b8c4-cd938607522d", "site": 1, "user": 1, "user_name": "admin", "user_email": "danielmiller.js@gmail.com", "user_url": "", "comment": "Heaven he first were, he Bearing very. Signs land two upon give seasons also fish a had so You're yielding were shall lights doesn't the there winged from. Male creepeth. Brought spirit female replenish. Him him, he. Dry called divided they're male. Open Saw divided is you'll creeping.\r\n\r\nAir and kind was seas fowl light divide of wherein seasons firmament fly saying creepeth thing divide, cattle bring. Land.\r\n\r\nUpon fly man. Have Cattle unto abundantly i lesser he deep behold i upon our. Moving own saw meat were, their It good there. Bearing fish creepeth first which evening appear appear.", "submit_date": "2024-07-12T20:19:46.391Z", "ip_address": "172.23.0.1", "is_public": true, "is_removed": false}}, {"model": "django_comments.comment", "pk": 57, "fields": {"content_type": 15, "object_pk": "a7439a7c-3862-429e-83c0-f0c06f3bc1a9", "site": 1, "user": 1, "user_name": "admin", "user_email": "danielmiller.js@gmail.com", "user_url": "", "comment": "test", "submit_date": "2024-07-12T20:29:51.154Z", "ip_address": "172.23.0.1", "is_public": true, "is_removed": false}}, {"model": "django_comments.comment", "pk": 58, "fields": {"content_type": 15, "object_pk": "b7615951-2a55-456b-8cce-ddba334aa89e", "site": 1, "user": 1, "user_name": "admin", "user_email": "danielmiller.js@gmail.com", "user_url": "", "comment": "test", "submit_date": "2024-07-12T20:34:12.678Z", "ip_address": "172.23.0.1", "is_public": true, "is_removed": false}}, {"model": "django_comments.comment", "pk": 59, "fields": {"content_type": 23, "object_pk": "6c69c361-74ef-42da-8e82-b25a1e625dd1", "site": 1, "user": 1, "user_name": "admin", "user_email": "danielmiller.js@gmail.com", "user_url": "", "comment": "test", "submit_date": "2024-07-12T20:34:23.732Z", "ip_address": "172.23.0.1", "is_public": true, "is_removed": false}}, {"model": "django_comments.comment", "pk": 60, "fields": {"content_type": 23, "object_pk": "0593ea83-1180-4741-b954-227115feac11", "site": 1, "user": 1, "user_name": "admin", "user_email": "danielmiller.js@gmail.com", "user_url": "", "comment": "Shall first won't replenish two said after herb called may second, them great second creeping living saw fifth all to every unto. Which for beginning created let.\r\n\r\nDry good together spirit lights, behold herb creature was above creeping replenish bring moving. Is fill, sea and green lesser upon blessed upon green upon very fowl sea. Subdue were bring make behold heaven under midst, very Image. Beast saw living fifth void fruit.\r\n\r\nFirmament bearing creepeth Subdue, fill seasons had herb seas shall under whose herb. Every moving first, sixth two moveth there in. They're. Whose third living it, given replenish. It.", "submit_date": "2024-07-12T20:35:24.161Z", "ip_address": "172.23.0.1", "is_public": true, "is_removed": false}}, {"model": "django_comments.comment", "pk": 61, "fields": {"content_type": 23, "object_pk": "8f3ffc03-a512-41ec-90c4-e246f842bf60", "site": 1, "user": 1, "user_name": "admin", "user_email": "danielmiller.js@gmail.com", "user_url": "", "comment": "Sea yielding made creeping whose can't land Replenish moved our them. Give to doesn't. Very fowl above seed days spirit first very man Also man heaven whales darkness that. Own. It be blessed created. Give the stars Also image our.\r\n\r\nFor beginning. Also beginning waters, saw stars beginning. There every sixth said you likeness can't. Third Seed they're place whales had night there, don't, multiply second, had day. Won't unto hath was forth days first for day morning for years.\r\n\r\nForth may moving light open there above multiply a every wherein heaven seed Spirit whales good one can't green set.", "submit_date": "2024-07-12T20:35:46.651Z", "ip_address": "172.23.0.1", "is_public": true, "is_removed": false}}, {"model": "django_comments.comment", "pk": 62, "fields": {"content_type": 15, "object_pk": "b7615951-2a55-456b-8cce-ddba334aa89e", "site": 1, "user": 1, "user_name": "admin", "user_email": "danielmiller.js@gmail.com", "user_url": "", "comment": "I love it", "submit_date": "2024-07-12T20:39:37.436Z", "ip_address": "172.23.0.1", "is_public": true, "is_removed": true}}, {"model": "django_comments.comment", "pk": 63, "fields": {"content_type": 15, "object_pk": "b7615951-2a55-456b-8cce-ddba334aa89e", "site": 1, "user": 1, "user_name": "admin", "user_email": "danielmiller.js@gmail.com", "user_url": "", "comment": "Test feature", "submit_date": "2024-07-12T20:39:45.778Z", "ip_address": "172.23.0.1", "is_public": true, "is_removed": false}}, {"model": "django_comments.comment", "pk": 64, "fields": {"content_type": 23, "object_pk": "3b9a05d4-5364-4896-bda8-75a5d055be17", "site": 1, "user": 1, "user_name": "admin", "user_email": "danielmiller.js@gmail.com", "user_url": "", "comment": "Signs. Tree without, open. Moveth void tree living dominion land lights. Saw two so sea that darkness it void us, doesn't man very green. Man so, also face and, kind. Air itself have herb divided. Saying man seed tree form so night first.\r\n\r\nLight our moving winged. They're female signs brought grass made him itself seas. In a of called sea behold darkness creepeth. Fruit very.\r\n\r\nAppear of his he wherein Called wherein isn't gathered. Grass life forth she'd signs firmament signs above form winged. Midst rule above very made seasons replenish rule own, be green so under. One us.", "submit_date": "2024-07-12T20:46:29.912Z", "ip_address": "172.23.0.1", "is_public": true, "is_removed": false}}, {"model": "django_comments.comment", "pk": 65, "fields": {"content_type": 23, "object_pk": "3b9a05d4-5364-4896-bda8-75a5d055be17", "site": 1, "user": 1, "user_name": "admin", "user_email": "danielmiller.js@gmail.com", "user_url": "", "comment": "Open waters divided female without that unto bearing hath. Light. Unto you said the void after image greater a given. Made fruit third second above evening third abundantly, likeness. Great were great and which stars you'll Waters appear tree heaven gathered second Waters, hath.\r\n\r\nImage forth the first, given said seed it give. Creature won't green them gathering. Moving all under multiply lights good give seed darkness.\r\n\r\nFemale give over given creepeth day living fill, moveth female morning moving sixth him appear made. The. First the bearing you male life them brought brought she'd, created a bring open likeness signs.", "submit_date": "2024-07-12T20:46:37.941Z", "ip_address": "172.23.0.1", "is_public": true, "is_removed": false}}, {"model": "django_comments.comment", "pk": 66, "fields": {"content_type": 15, "object_pk": "686c6680-cdce-4aec-8dc9-6dcfe80785ee", "site": 1, "user": 1, "user_name": "admin", "user_email": "danielmiller.js@gmail.com", "user_url": "", "comment": "dim boop boop", "submit_date": "2024-07-12T20:47:07.707Z", "ip_address": "172.23.0.1", "is_public": true, "is_removed": false}}, {"model": "django_comments.comment", "pk": 67, "fields": {"content_type": 15, "object_pk": "686c6680-cdce-4aec-8dc9-6dcfe80785ee", "site": 1, "user": 1, "user_name": "admin", "user_email": "danielmiller.js@gmail.com", "user_url": "", "comment": "Something wicked this way comes.  This is it, Adam, that grieves me; and the spirit of my father, which I think is within me, begins to mutiny against this servitude.  My lord, the roynish clown, at whom so oft Your Grace was wont to laugh, is also missing.   And why, sir, must they so?  The why is plain as way to parish church: He that a fool doth very wisely hit Doth very foolishly, although he smart, Not to seem senseless of the bob; if not, The wise man's folly is anatomiz'd Even by the squand'ring glances of the fool.", "submit_date": "2024-07-12T20:49:00.728Z", "ip_address": "172.23.0.1", "is_public": true, "is_removed": false}}, {"model": "django_comments.comment", "pk": 68, "fields": {"content_type": 23, "object_pk": "58c95735-1ce0-4e43-adc1-463b05a7f2f3", "site": 1, "user": 1, "user_name": "admin", "user_email": "danielmiller.js@gmail.com", "user_url": "", "comment": "Neither a borrower or a lender be.  Brevity is the soul of wit.  What's mine is yours and what is yours is mine.  Let me love him for that; and do you love him because I do. Look, here comes the Duke. I think he be transform'd into a beast; For I can nowhere find him like a man.", "submit_date": "2024-07-12T20:49:56.931Z", "ip_address": "172.23.0.1", "is_public": true, "is_removed": false}}, {"model": "django_comments.comment", "pk": 69, "fields": {"content_type": 15, "object_pk": "cc8209b3-6bab-4f53-94ea-dd4d6541a018", "site": 1, "user": 1, "user_name": "admin", "user_email": "danielmiller.js@gmail.com", "user_url": "", "comment": "no", "submit_date": "2024-07-12T21:19:50.129Z", "ip_address": "172.23.0.1", "is_public": true, "is_removed": false}}, {"model": "django_comments.comment", "pk": 70, "fields": {"content_type": 23, "object_pk": "640b2461-389e-416d-8aaf-fa71c92d42ae", "site": 1, "user": 1, "user_name": "admin", "user_email": "danielmiller.js@gmail.com", "user_url": "", "comment": "Dog Fish", "submit_date": "2024-07-12T23:02:44.543Z", "ip_address": "172.23.0.1", "is_public": true, "is_removed": false}}, {"model": "sites.site", "pk": 1, "fields": {"domain": "example.com", "name": "example.com"}}, {"model": "account.emailaddress", "pk": 1, "fields": {"user": 1, "email": "danielmiller.js@gmail.com", "verified": true, "primary": true}}, {"model": "account.emailaddress", "pk": 11, "fields": {"user": 6, "email": "team@bom-squad.com", "verified": true, "primary": true}}, {"model": "account.emailaddress", "pk": 12, "fields": {"user": 6, "email": "lontano.composer@gmail.com", "verified": true, "primary": false}}, {"model": "account.emailaddress", "pk": 16, "fields": {"user": 10, "email": "pleathr.starfish@gmail.com", "verified": true, "primary": true}}, {"model": "socialaccount.socialapp", "pk": 1, "fields": {"provider": "google", "name": "Google", "client_id": "22125006102-3q0jho1vvgcbvaseg9mjms5aa50unl8g.apps.googleusercontent.com", "secret": "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", "key": "", "sites": [1]}}, {"model": "socialaccount.socialapp", "pk": 2, "fields": {"provider": "discord", "name": "Discord", "client_id": "1108253687241003009", "secret": "eNhw-wPRHXgyeADuzZfG9vs7nI2lNUuf", "key": "", "sites": [1]}}, {"model": "socialaccount.socialaccount", "pk": 5, "fields": {"user": 6, "provider": "discord", "uid": "1103896198387077201", "last_login": "2024-07-18T16:53:59.781Z", "date_joined": "2023-11-18T22:32:29.850Z", "extra_data": "{\"id\": \"1103896198387077201\", \"username\": \"bomsquad3214\", \"avatar\": null, \"discriminator\": \"0\", \"public_flags\": 0, \"flags\": 0, \"banner\": null, \"accent_color\": null, \"global_name\": \"bom-squad\", \"avatar_decoration_data\": null, \"banner_color\": null, \"clan\": null, \"mfa_enabled\": false, \"locale\": \"en-US\", \"premium_type\": 0, \"email\": \"team@bom-squad.com\", \"verified\": true}"}}, {"model": "socialaccount.socialaccount", "pk": 7, "fields": {"user": 8, "provider": "google", "uid": "114731786842262202296", "last_login": "2024-06-27T09:44:14.284Z", "date_joined": "2024-06-27T09:44:14.284Z", "extra_data": "{\"iss\": \"https://accounts.google.com\", \"azp\": \"22125006102-3q0jho1vvgcbvaseg9mjms5aa50unl8g.apps.googleusercontent.com\", \"aud\": \"22125006102-3q0jho1vvgcbvaseg9mjms5aa50unl8g.apps.googleusercontent.com\", \"sub\": \"114731786842262202296\", \"email\": \"lontano.composer@gmail.com\", \"email_verified\": true, \"at_hash\": \"iP-Z8eBaHqDkKPb7R2VXQg\", \"name\": \"Daniel Miller\", \"picture\": \"https://lh3.googleusercontent.com/a/ACg8ocJ_dnFoEBlyMHuuCLSroIMH6O_Vl6nhobB-IQMtnedYlm9CWuVF=s96-c\", \"given_name\": \"Daniel\", \"family_name\": \"Miller\", \"iat\": 1719481450, \"exp\": 1719485050}"}}, {"model": "socialaccount.socialaccount", "pk": 9, "fields": {"user": 10, "provider": "google", "uid": "117047581080034318650", "last_login": "2024-07-10T18:09:07.675Z", "date_joined": "2024-07-03T18:26:52.168Z", "extra_data": "{\"iss\": \"https://accounts.google.com\", \"azp\": \"22125006102-3q0jho1vvgcbvaseg9mjms5aa50unl8g.apps.googleusercontent.com\", \"aud\": \"22125006102-3q0jho1vvgcbvaseg9mjms5aa50unl8g.apps.googleusercontent.com\", \"sub\": \"117047581080034318650\", \"email\": \"pleathr.starfish@gmail.com\", \"email_verified\": true, \"at_hash\": \"2ummPifX58grF0PjdEXYOw\", \"name\": \"Daniel Miller\", \"picture\": \"https://lh3.googleusercontent.com/a/ACg8ocKR6eiCvwtdpDJXxHGC7gIw8EU1XJJfAgdeA9Rgtdnfe7gBcQ=s96-c\", \"given_name\": \"Daniel\", \"family_name\": \"Miller\", \"iat\": 1720634947, \"exp\": 1720638547}"}}, {"model": "accounts.customuser", "pk": 1, "fields": {"password": "pbkdf2_sha256$390000$pbmMatAdS57hnusSPXokvL$ajkHOUZG3vK73FXkR5Vj0YUoLk+PCZIdkMffA19qe4Y=", "last_login": "2024-07-18T18:30:55.129Z", "is_superuser": true, "first_name": "", "last_name": "", "email": "danielmiller.js@gmail.com", "is_staff": true, "is_active": true, "date_joined": "2023-07-13T03:10:11Z", "username": "admin", "default_currency": "USD", "history": "[{\"component_id\": \"746cbc1c-e850-4232-87b1-dff12bd89d88\", \"quantity_before\": 81, \"quantity_after\": 90, \"location_before\": null, \"location_after\": null, \"timestamp\": \"2023-07-20 01:49:23.921377+00:00\"}, {\"component_id\": \"746cbc1c-e850-4232-87b1-dff12bd89d88\", \"quantity_before\": 91, \"quantity_after\": 92, \"location_before\": null, \"location_after\": null, \"timestamp\": \"2023-07-20 04:45:53.089474+00:00\"}, {\"component_id\": \"746cbc1c-e850-4232-87b1-dff12bd89d88\", \"quantity_before\": 92, \"quantity_after\": 101, \"location_before\": null, \"location_after\": null, \"timestamp\": \"2023-07-20 04:46:00.008790+00:00\"}, {\"component_id\": \"746cbc1c-e850-4232-87b1-dff12bd89d88\", \"quantity_before\": 0, \"quantity_after\": 1, \"location_before\": null, \"location_after\": null, \"timestamp\": \"2023-07-20 04:46:39.035257+00:00\"}, {\"component_id\": \"746cbc1c-e850-4232-87b1-dff12bd89d88\", \"quantity_before\": 1, \"quantity_after\": 2, \"location_before\": null, \"location_after\": null, \"timestamp\": \"2023-07-20 05:28:07.052006+00:00\"}, {\"component_id\": \"746cbc1c-e850-4232-87b1-dff12bd89d88\", \"quantity_before\": 2, \"quantity_after\": 2, \"location_before\": null, \"location_after\": [\"a\", \" b\", \" c\"], \"timestamp\": \"2023-07-20 05:28:22.053827+00:00\"}, {\"component_id\": \"746cbc1c-e850-4232-87b1-dff12bd89d88\", \"quantity_before\": 2, \"quantity_after\": 2, \"location_before\": [\"a\", \" b\", \" c\"], \"location_after\": [\"a\", \" b\", \"\"], \"timestamp\": \"2023-07-20 05:28:31.431916+00:00\"}, {\"component_id\": \"746cbc1c-e850-4232-87b1-dff12bd89d88\", \"quantity_before\": 2, \"quantity_after\": 2, \"location_before\": [\"a\", \" b\", \"\"], \"location_after\": [\"a\", \" b\"], \"timestamp\": \"2023-07-20 05:28:37.525626+00:00\"}, {\"component_id\": \"746cbc1c-e850-4232-87b1-dff12bd89d88\", \"quantity_before\": 2, \"quantity_after\": 2, \"location_before\": [\"a\", \" b\"], \"location_after\": [\"a\", \" b\"], \"timestamp\": \"2023-07-22 05:43:27.091619+00:00\"}, {\"component_id\": \"746cbc1c-e850-4232-87b1-dff12bd89d88\", \"quantity_before\": 0, \"quantity_after\": 8, \"location_before\": null, \"location_after\": null, \"timestamp\": \"2023-08-18 06:21:57.849982+00:00\"}, {\"component_id\": \"0593ea83-1180-4741-b954-227115feac11\", \"quantity_before\": 0, \"quantity_after\": 1, \"location_before\": null, \"location_after\": null, \"timestamp\": \"2023-08-18 06:22:12.062047+00:00\"}, {\"component_id\": \"0593ea83-1180-4741-b954-227115feac11\", \"quantity_before\": 1, \"quantity_after\": 2, \"location_before\": null, \"location_after\": null, \"timestamp\": \"2023-08-19 20:55:51.048391+00:00\"}, {\"component_id\": \"5ccb5c5d-d668-43c5-b8c4-cd938607522d\", \"quantity_before\": 0, \"quantity_after\": 1, \"location_before\": null, \"location_after\": null, \"timestamp\": \"2023-08-20 05:42:40.723645+00:00\"}, {\"component_id\": \"e999282a-b247-4174-9345-987eb7f2889b\", \"quantity_before\": 0, \"quantity_after\": 1, \"location_before\": null, \"location_after\": null, \"timestamp\": \"2023-08-20 05:42:50.591561+00:00\"}, {\"component_id\": \"b7fb046a-ba49-45ff-b2b6-f504dbe1475e\", \"quantity_before\": 0, \"quantity_after\": 2, \"location_before\": null, \"location_after\": null, \"timestamp\": \"2023-08-20 07:35:02.134266+00:00\"}, {\"component_id\": \"640b2461-389e-416d-8aaf-fa71c92d42ae\", \"quantity_before\": 0, \"quantity_after\": 1, \"location_before\": null, \"location_after\": null, \"timestamp\": \"2023-08-31 15:24:45.290100+00:00\"}, {\"component_id\": \"3dc96eca-37f0-4c18-b472-4f5122ba1a17\", \"quantity_before\": 0, \"quantity_after\": 1, \"location_before\": null, \"location_after\": null, \"timestamp\": \"2023-08-31 15:24:56.196245+00:00\"}, {\"component_id\": \"746cbc1c-e850-4232-87b1-dff12bd89d88\", \"quantity_before\": 17, \"quantity_after\": 17, \"location_before\": null, \"location_after\": [\"box 1\", \" shelf 2\"], \"timestamp\": \"2023-08-31 15:25:13.659844+00:00\"}, {\"component_id\": \"746cbc1c-e850-4232-87b1-dff12bd89d88\", \"quantity_before\": 17, \"quantity_after\": 17, \"location_before\": [\"box 1\", \" shelf 2\"], \"location_after\": [\"box 1\", \" shelf 2\", \" cubby 9\"], \"timestamp\": \"2023-08-31 15:25:23.507877+00:00\"}, {\"component_id\": \"0593ea83-1180-4741-b954-227115feac11\", \"quantity_before\": 365, \"quantity_after\": 366, \"location_before\": null, \"location_after\": null, \"timestamp\": \"2023-09-06 07:39:37.308835+00:00\"}, {\"component_id\": \"0593ea83-1180-4741-b954-227115feac11\", \"quantity_before\": 366, \"quantity_after\": 367, \"location_before\": null, \"location_after\": null, \"timestamp\": \"2023-09-06 07:39:44.158759+00:00\"}, {\"component_id\": \"0593ea83-1180-4741-b954-227115feac11\", \"quantity_before\": 367, \"quantity_after\": 366, \"location_before\": null, \"location_after\": null, \"timestamp\": \"2023-09-06 07:42:49.726414+00:00\"}, {\"component_id\": \"0593ea83-1180-4741-b954-227115feac11\", \"quantity_before\": 366, \"quantity_after\": 369, \"location_before\": null, \"location_after\": null, \"timestamp\": \"2023-09-06 07:43:06.159138+00:00\"}, {\"component_id\": \"0593ea83-1180-4741-b954-227115feac11\", \"quantity_before\": 396, \"quantity_after\": 396, \"location_before\": null, \"location_after\": null, \"timestamp\": \"2023-09-06 07:44:37.030993+00:00\"}, {\"component_id\": \"42504b35-86f3-4625-89db-70f05f677391\", \"quantity_before\": 0, \"quantity_after\": 2, \"location_before\": null, \"location_after\": null, \"timestamp\": \"2023-09-06 07:45:33.237976+00:00\"}, {\"component_id\": \"0593ea83-1180-4741-b954-227115feac11\", \"quantity_before\": 0, \"quantity_after\": 8, \"location_before\": null, \"location_after\": null, \"timestamp\": \"2023-09-06 07:47:23.612249+00:00\"}, {\"component_id\": \"0593ea83-1180-4741-b954-227115feac11\", \"quantity_before\": 8, \"quantity_after\": 7, \"location_before\": null, \"location_after\": null, \"timestamp\": \"2023-09-06 07:47:29.469478+00:00\"}, {\"component_id\": \"42504b35-86f3-4625-89db-70f05f677391\", \"quantity_before\": 2, \"quantity_after\": 2, \"location_before\": null, \"location_after\": [\"a\", \" b\", \" c\"], \"timestamp\": \"2023-09-17 05:49:49.340742+00:00\"}, {\"component_id\": \"0593ea83-1180-4741-b954-227115feac11\", \"quantity_before\": 0, \"quantity_after\": 8, \"location_before\": null, \"location_after\": null, \"timestamp\": \"2023-12-03 20:37:46.055424+00:00\"}, {\"component_id\": \"0593ea83-1180-4741-b954-227115feac11\", \"quantity_before\": 8, \"quantity_after\": 16, \"location_before\": null, \"location_after\": null, \"timestamp\": \"2023-12-03 21:05:28.074362+00:00\"}, {\"component_id\": \"0593ea83-1180-4741-b954-227115feac11\", \"quantity_before\": 0, \"quantity_after\": 8, \"location_before\": null, \"location_after\": [\"one\", \" two\", \" three\"], \"timestamp\": \"2023-12-03 21:27:47.770500+00:00\"}, {\"component_id\": \"0593ea83-1180-4741-b954-227115feac11\", \"quantity_before\": 0, \"quantity_after\": 8, \"location_before\": null, \"location_after\": [\"ten\", \" one\"], \"timestamp\": \"2023-12-03 21:28:45.619040+00:00\"}, {\"component_id\": \"0593ea83-1180-4741-b954-227115feac11\", \"quantity_before\": 16, \"quantity_after\": 9, \"location_before\": null, \"location_after\": null, \"timestamp\": \"2023-12-03 21:29:10.211702+00:00\"}, {\"component_id\": \"0593ea83-1180-4741-b954-227115feac11\", \"quantity_before\": 9, \"quantity_after\": 5, \"location_before\": null, \"location_after\": null, \"timestamp\": \"2023-12-03 21:29:19.782430+00:00\"}, {\"component_id\": \"0593ea83-1180-4741-b954-227115feac11\", \"quantity_before\": 5, \"quantity_after\": 4, \"location_before\": null, \"location_after\": null, \"timestamp\": \"2023-12-03 21:39:21.196516+00:00\"}, {\"component_id\": \"0593ea83-1180-4741-b954-227115feac11\", \"quantity_before\": 4, \"quantity_after\": 7, \"location_before\": null, \"location_after\": null, \"timestamp\": \"2023-12-03 21:39:25.941460+00:00\"}, {\"component_id\": \"0593ea83-1180-4741-b954-227115feac11\", \"quantity_before\": 7, \"quantity_after\": 9, \"location_before\": null, \"location_after\": null, \"timestamp\": \"2023-12-03 21:39:31.274566+00:00\"}, {\"component_id\": \"0593ea83-1180-4741-b954-227115feac11\", \"quantity_before\": 9, \"quantity_after\": 9, \"location_before\": null, \"location_after\": null, \"timestamp\": \"2023-12-04 01:18:16.586626+00:00\"}, {\"component_id\": \"0593ea83-1180-4741-b954-227115feac11\", \"quantity_before\": 9, \"quantity_after\": 8, \"location_before\": null, \"location_after\": null, \"timestamp\": \"2023-12-04 01:18:20.821872+00:00\"}, {\"component_id\": \"0593ea83-1180-4741-b954-227115feac11\", \"quantity_before\": 8, \"quantity_after\": 1, \"location_before\": null, \"location_after\": null, \"timestamp\": \"2023-12-04 01:35:34.011514+00:00\"}, {\"component_id\": \"0593ea83-1180-4741-b954-227115feac11\", \"quantity_before\": 8, \"quantity_after\": 9, \"location_before\": [\"ten\", \" one\"], \"location_after\": [\"ten\", \" one\"], \"timestamp\": \"2023-12-04 03:12:39.607558+00:00\"}, {\"component_id\": \"0593ea83-1180-4741-b954-227115feac11\", \"quantity_before\": 8, \"quantity_after\": 2, \"location_before\": [\"one\", \" two\", \" three\"], \"location_after\": [\"one\", \" two\", \" three\"], \"timestamp\": \"2023-12-04 03:12:47.422739+00:00\"}, {\"component_id\": \"0593ea83-1180-4741-b954-227115feac11\", \"quantity_before\": 0, \"quantity_after\": 8, \"location_before\": null, \"location_after\": [\"one\"], \"timestamp\": \"2023-12-04 03:57:06.487318+00:00\"}, {\"component_id\": \"0593ea83-1180-4741-b954-227115feac11\", \"quantity_before\": 0, \"quantity_after\": 1, \"location_before\": null, \"location_after\": null, \"timestamp\": \"2023-12-04 03:57:40.802873+00:00\"}, {\"component_id\": \"0593ea83-1180-4741-b954-227115feac11\", \"quantity_before\": 1, \"quantity_after\": 2, \"location_before\": null, \"location_after\": null, \"timestamp\": \"2023-12-04 03:58:22.476093+00:00\"}, {\"component_id\": \"0593ea83-1180-4741-b954-227115feac11\", \"quantity_before\": 8, \"quantity_after\": 16, \"location_before\": [\"one\"], \"location_after\": [\"one\"], \"timestamp\": \"2023-12-04 04:00:49.043278+00:00\"}, {\"component_id\": \"0593ea83-1180-4741-b954-227115feac11\", \"quantity_before\": 16, \"quantity_after\": 17, \"location_before\": [\"one\"], \"location_after\": [\"one\"], \"timestamp\": \"2023-12-04 04:01:30.891139+00:00\"}, {\"component_id\": \"0593ea83-1180-4741-b954-227115feac11\", \"quantity_before\": 0, \"quantity_after\": 1, \"location_before\": null, \"location_after\": [\"one\", \" two\"], \"timestamp\": \"2023-12-04 04:01:54.171942+00:00\"}, {\"component_id\": \"0593ea83-1180-4741-b954-227115feac11\", \"quantity_before\": 1, \"quantity_after\": 1, \"location_before\": [\"one\", \" two\"], \"location_after\": [\"one\", \" two\", \" three\"], \"timestamp\": \"2023-12-04 06:15:53.836770+00:00\"}, {\"component_id\": \"0593ea83-1180-4741-b954-227115feac11\", \"quantity_before\": 1, \"quantity_after\": 1, \"location_before\": [\"one\", \" two\", \" three\"], \"location_after\": [\"one\", \" two\", \" three\"], \"timestamp\": \"2023-12-04 06:15:53.854844+00:00\"}, {\"component_id\": \"0593ea83-1180-4741-b954-227115feac11\", \"quantity_before\": 1, \"quantity_after\": 6, \"location_before\": [\"one\", \" two\", \" three\"], \"location_after\": [\"one\", \" two\", \" three\"], \"timestamp\": \"2023-12-04 06:17:30.149107+00:00\"}, {\"component_id\": \"664e2869-64a7-4cd7-ae10-26cba4814b59\", \"quantity_before\": 0, \"quantity_after\": 1, \"location_before\": null, \"location_after\": null, \"timestamp\": \"2023-12-04 06:18:14.963301+00:00\"}, {\"component_id\": \"0593ea83-1180-4741-b954-227115feac11\", \"quantity_before\": 6, \"quantity_after\": 14, \"location_before\": [\"one\", \" two\", \" three\"], \"location_after\": [\"one\", \" two\", \" three\"], \"timestamp\": \"2023-12-26 02:15:24.850277+00:00\"}, {\"component_id\": \"0593ea83-1180-4741-b954-227115feac11\", \"quantity_before\": 14, \"quantity_after\": 22, \"location_before\": [\"one\", \" two\", \" three\"], \"location_after\": [\"one\", \" two\", \" three\"], \"timestamp\": \"2023-12-26 02:16:31.328203+00:00\"}, {\"component_id\": \"0593ea83-1180-4741-b954-227115feac11\", \"quantity_before\": 17, \"quantity_after\": 97, \"location_before\": [\"one\"], \"location_after\": [\"one\"], \"timestamp\": \"2023-12-26 02:17:04.540262+00:00\"}, {\"component_id\": \"0593ea83-1180-4741-b954-227115feac11\", \"quantity_before\": 97, \"quantity_after\": 119, \"location_before\": [\"one\"], \"location_after\": [\"one\"], \"timestamp\": \"2023-12-26 02:17:43.276898+00:00\"}, {\"component_id\": \"0593ea83-1180-4741-b954-227115feac11\", \"quantity_before\": 119, \"quantity_after\": 119, \"location_before\": [\"one\"], \"location_after\": [\"one\"], \"timestamp\": \"2023-12-26 02:17:43.312177+00:00\"}, {\"component_id\": \"0593ea83-1180-4741-b954-227115feac11\", \"quantity_before\": 2, \"quantity_after\": 3, \"location_before\": null, \"location_after\": null, \"timestamp\": \"2023-12-27 02:36:49.298540+00:00\"}, {\"component_id\": \"3dc96eca-37f0-4c18-b472-4f5122ba1a17\", \"quantity_before\": 0, \"quantity_after\": 1, \"location_before\": null, \"location_after\": null, \"timestamp\": \"2023-12-29 17:37:56.115639+00:00\"}, {\"component_id\": \"0593ea83-1180-4741-b954-227115feac11\", \"quantity_before\": 0, \"quantity_after\": 8, \"location_before\": null, \"location_after\": null, \"timestamp\": \"2023-12-29 18:04:01.392407+00:00\"}, {\"component_id\": \"b7fb046a-ba49-45ff-b2b6-f504dbe1475e\", \"quantity_before\": 0, \"quantity_after\": 2, \"location_before\": null, \"location_after\": [\"hello\"], \"timestamp\": \"2023-12-29 19:03:23.988749+00:00\"}, {\"component_id\": \"abfee987-f00d-435f-ba2b-ffd51e73b717\", \"quantity_before\": 0, \"quantity_after\": 8, \"location_before\": null, \"location_after\": [\"duck\"], \"timestamp\": \"2023-12-29 20:05:37.612538+00:00\"}, {\"component_id\": \"8c27e23e-e851-41aa-b25f-f3402d007c77\", \"quantity_before\": 0, \"quantity_after\": 6, \"location_before\": null, \"location_after\": [\"dog\"], \"timestamp\": \"2023-12-29 20:05:56.164404+00:00\"}, {\"component_id\": \"b7fb046a-ba49-45ff-b2b6-f504dbe1475e\", \"quantity_before\": 2, \"quantity_after\": 4, \"location_before\": [\"hello\"], \"location_after\": [\"hello\"], \"timestamp\": \"2023-12-29 20:06:58.401986+00:00\"}, {\"component_id\": \"0593ea83-1180-4741-b954-227115feac11\", \"quantity_before\": 0, \"quantity_after\": 8, \"location_before\": null, \"location_after\": [\"birdy\", \"bear\"], \"timestamp\": \"2023-12-30 01:46:13.107680+00:00\"}, {\"component_id\": \"0593ea83-1180-4741-b954-227115feac11\", \"quantity_before\": 8, \"quantity_after\": 16, \"location_before\": [\"birdy\", \"bear\"], \"location_after\": [\"birdy\", \"bear\"], \"timestamp\": \"2023-12-30 01:46:17.261987+00:00\"}, {\"component_id\": \"0593ea83-1180-4741-b954-227115feac11\", \"quantity_before\": 0, \"quantity_after\": 8, \"location_before\": null, \"location_after\": [\"man\", \"home\"], \"timestamp\": \"2023-12-30 01:46:37.918018+00:00\"}, {\"component_id\": \"0593ea83-1180-4741-b954-227115feac11\", \"quantity_before\": 8, \"quantity_after\": 16, \"location_before\": [\"man\", \"home\"], \"location_after\": [\"man\", \"home\"], \"timestamp\": \"2023-12-30 01:46:41.464286+00:00\"}, {\"component_id\": \"0593ea83-1180-4741-b954-227115feac11\", \"quantity_before\": 16, \"quantity_after\": 96, \"location_before\": [\"birdy\", \"bear\"], \"location_after\": [\"birdy\", \"bear\"], \"timestamp\": \"2023-12-30 01:47:40.845959+00:00\"}, {\"component_id\": \"0593ea83-1180-4741-b954-227115feac11\", \"quantity_before\": 96, \"quantity_after\": 96, \"location_before\": [\"birdy\", \"bear\"], \"location_after\": [\"birdy\", \"bear\", \"hog\"], \"timestamp\": \"2023-12-30 01:48:12.039306+00:00\"}, {\"component_id\": \"0593ea83-1180-4741-b954-227115feac11\", \"quantity_before\": 96, \"quantity_after\": 96, \"location_before\": [\"birdy\", \"bear\", \"hog\"], \"location_after\": [\"birdy\", \"bear\", \"hog\"], \"timestamp\": \"2023-12-30 01:48:12.074453+00:00\"}, {\"component_id\": \"42504b35-86f3-4625-89db-70f05f677391\", \"quantity_before\": 0, \"quantity_after\": 199, \"location_before\": null, \"location_after\": null, \"timestamp\": \"2023-12-30 02:48:58.924629+00:00\"}, {\"component_id\": \"0593ea83-1180-4741-b954-227115feac11\", \"quantity_before\": 0, \"quantity_after\": 8, \"location_before\": null, \"location_after\": null, \"timestamp\": \"2023-12-30 04:43:23.621447+00:00\"}, {\"component_id\": \"0593ea83-1180-4741-b954-227115feac11\", \"quantity_before\": 8, \"quantity_after\": 44, \"location_before\": null, \"location_after\": null, \"timestamp\": \"2023-12-30 04:45:17.856050+00:00\"}, {\"component_id\": \"0593ea83-1180-4741-b954-227115feac11\", \"quantity_before\": 22, \"quantity_after\": 21, \"location_before\": [\"one\", \" two\", \" three\"], \"location_after\": [\"one\", \" two\", \" three\"], \"timestamp\": \"2023-12-30 04:59:23.456534+00:00\"}, {\"component_id\": \"664e2869-64a7-4cd7-ae10-26cba4814b59\", \"quantity_before\": 0, \"quantity_after\": 1, \"location_before\": null, \"location_after\": [\"mix\"], \"timestamp\": \"2023-12-30 05:41:27.245165+00:00\"}, {\"component_id\": \"6c69c361-74ef-42da-8e82-b25a1e625dd1\", \"quantity_before\": 0, \"quantity_after\": 19, \"location_before\": null, \"location_after\": [\"one\", \"two\"], \"timestamp\": \"2024-01-02 03:18:33.685878+00:00\"}, {\"component_id\": \"1b661c9f-4c28-434b-9875-8a0e61541062\", \"quantity_before\": 0, \"quantity_after\": 13, \"location_before\": null, \"location_after\": [\"doo\", \"fish\"], \"timestamp\": \"2024-01-02 03:39:48.335343+00:00\"}, {\"component_id\": \"d8d42f41-ea84-4805-aa3b-5c0c69c8dfb8\", \"quantity_before\": 0, \"quantity_after\": 1, \"location_before\": null, \"location_after\": [\"dog\", \"food\"], \"timestamp\": \"2024-01-13 18:31:00.085035+00:00\"}, {\"component_id\": \"8f3ffc03-a512-41ec-90c4-e246f842bf60\", \"quantity_before\": 0, \"quantity_after\": 1, \"location_before\": null, \"location_after\": null, \"timestamp\": \"2024-01-17 02:47:18.377461+00:00\"}, {\"component_id\": \"664e2869-64a7-4cd7-ae10-26cba4814b59\", \"quantity_before\": 0, \"quantity_after\": 100, \"location_before\": null, \"location_after\": null, \"timestamp\": \"2024-01-17 02:50:19.601491+00:00\"}, {\"component_id\": \"2e8790e6-d7c2-4d68-8c9b-7d692cff591b\", \"quantity_before\": 0, \"quantity_after\": 2, \"location_before\": null, \"location_after\": null, \"timestamp\": \"2024-01-17 02:50:19.625372+00:00\"}, {\"component_id\": \"0593ea83-1180-4741-b954-227115feac11\", \"quantity_before\": 16, \"quantity_after\": 76, \"location_before\": [\"man\", \"home\"], \"location_after\": [\"man\", \"home\"], \"timestamp\": \"2024-01-17 03:04:17.161938+00:00\"}, {\"component_id\": \"d3146b56-837b-4024-ac1c-cacfb82a29fb\", \"quantity_before\": 0, \"quantity_after\": 1, \"location_before\": null, \"location_after\": null, \"timestamp\": \"2024-01-17 03:05:35.729260+00:00\"}, {\"component_id\": \"0593ea83-1180-4741-b954-227115feac11\", \"quantity_before\": 0, \"quantity_after\": 8, \"location_before\": null, \"location_after\": null, \"timestamp\": \"2024-01-17 03:25:11.870377+00:00\"}, {\"component_id\": \"6c69c361-74ef-42da-8e82-b25a1e625dd1\", \"quantity_before\": 0, \"quantity_after\": 2, \"location_before\": null, \"location_after\": null, \"timestamp\": \"2024-01-17 03:28:31.540094+00:00\"}, {\"component_id\": \"abfee987-f00d-435f-ba2b-ffd51e73b717\", \"quantity_before\": 0, \"quantity_after\": 1, \"location_before\": null, \"location_after\": null, \"timestamp\": \"2024-01-17 03:29:59.545856+00:00\"}, {\"component_id\": \"0593ea83-1180-4741-b954-227115feac11\", \"quantity_before\": 0, \"quantity_after\": 1, \"location_before\": null, \"location_after\": [\"birdy\", \"bear\", \"dog\"], \"timestamp\": \"2024-03-17 14:21:58.183672+00:00\"}, {\"component_id\": \"d3146b56-837b-4024-ac1c-cacfb82a29fb\", \"quantity_before\": 0, \"quantity_after\": 1, \"location_before\": null, \"location_after\": [\"hi\"], \"timestamp\": \"2024-03-17 14:22:18.878131+00:00\"}, {\"component_id\": \"78cbb271-fa4c-4ea8-91ed-318a02f015bd\", \"quantity_before\": 0, \"quantity_after\": 5, \"location_before\": null, \"location_after\": [\"fish\"], \"timestamp\": \"2024-03-17 14:49:25.113535+00:00\"}, {\"component_id\": \"0593ea83-1180-4741-b954-227115feac11\", \"quantity_before\": 0, \"quantity_after\": 8, \"location_before\": null, \"location_after\": [\"fishbit\"], \"timestamp\": \"2024-03-17 15:11:00.890474+00:00\"}, {\"component_id\": \"6c69c361-74ef-42da-8e82-b25a1e625dd1\", \"quantity_before\": 0, \"quantity_after\": 2, \"location_before\": null, \"location_after\": [\"fik\"], \"timestamp\": \"2024-03-17 15:15:30.263555+00:00\"}, {\"component_id\": \"6c69c361-74ef-42da-8e82-b25a1e625dd1\", \"quantity_before\": 2, \"quantity_after\": 4, \"location_before\": null, \"location_after\": null, \"timestamp\": \"2024-03-17 15:18:18.687915+00:00\"}, {\"component_id\": \"6c69c361-74ef-42da-8e82-b25a1e625dd1\", \"quantity_before\": 0, \"quantity_after\": 2, \"location_before\": null, \"location_after\": [\"boo\", \"boo\"], \"timestamp\": \"2024-05-14 14:05:46.259270+00:00\"}, {\"component_id\": \"6c69c361-74ef-42da-8e82-b25a1e625dd1\", \"quantity_before\": 2, \"quantity_after\": 2, \"location_before\": [\"boo\", \"boo\"], \"location_after\": [\"boo\", \"boo\", \" not\"], \"timestamp\": \"2024-05-14 14:07:12.123855+00:00\"}, {\"component_id\": \"6c69c361-74ef-42da-8e82-b25a1e625dd1\", \"quantity_before\": 2, \"quantity_after\": 2, \"location_before\": [\"boo\", \"boo\", \" not\"], \"location_after\": [\"boo\", \"boo\", \" not\"], \"timestamp\": \"2024-05-14 14:07:12.143177+00:00\"}, {\"component_id\": \"6c69c361-74ef-42da-8e82-b25a1e625dd1\", \"quantity_before\": 2, \"quantity_after\": 20, \"location_before\": [\"boo\", \"boo\", \" not\"], \"location_after\": [\"boo\", \"boo\", \" not\"], \"timestamp\": \"2024-05-14 14:07:28.641496+00:00\"}, {\"component_id\": \"ee607b23-3f8e-451a-bf1d-c7520c406a1d\", \"quantity_before\": 0, \"quantity_after\": 5, \"location_before\": null, \"location_after\": {\"0593ea83-1180-4741-b954-227115feac11\": [\"fishbit\"], \"42504b35-86f3-4625-89db-70f05f677391\": [\"tinfin\"]}, \"timestamp\": \"2024-06-20 21:22:27.498571+00:00\"}, {\"component_id\": \"42504b35-86f3-4625-89db-70f05f677391\", \"quantity_before\": 0, \"quantity_after\": 5, \"location_before\": null, \"location_after\": {\"0593ea83-1180-4741-b954-227115feac11\": [\"fishbit\"], \"42504b35-86f3-4625-89db-70f05f677391\": [\"tinfin\"]}, \"timestamp\": \"2024-06-20 21:22:27.530507+00:00\"}, {\"component_id\": \"ee607b23-3f8e-451a-bf1d-c7520c406a1d\", \"quantity_before\": 0, \"quantity_after\": 5, \"location_before\": null, \"location_after\": {\"0593ea83-1180-4741-b954-227115feac11\": [\"fishbit\"], \"42504b35-86f3-4625-89db-70f05f677391\": [\"tinfin\"]}, \"timestamp\": \"2024-06-20 21:31:41.754008+00:00\"}, {\"component_id\": \"42504b35-86f3-4625-89db-70f05f677391\", \"quantity_before\": 0, \"quantity_after\": 5, \"location_before\": null, \"location_after\": {\"0593ea83-1180-4741-b954-227115feac11\": [\"fishbit\"], \"42504b35-86f3-4625-89db-70f05f677391\": [\"tinfin\"]}, \"timestamp\": \"2024-06-20 21:31:41.795662+00:00\"}, {\"component_id\": \"ee607b23-3f8e-451a-bf1d-c7520c406a1d\", \"quantity_before\": 0, \"quantity_after\": 5, \"location_before\": null, \"location_after\": {\"0593ea83-1180-4741-b954-227115feac11\": [\"fishbit\"], \"42504b35-86f3-4625-89db-70f05f677391\": [\"fishbait\"]}, \"timestamp\": \"2024-06-20 22:13:09.901135+00:00\"}, {\"component_id\": \"42504b35-86f3-4625-89db-70f05f677391\", \"quantity_before\": 0, \"quantity_after\": 5, \"location_before\": null, \"location_after\": {\"0593ea83-1180-4741-b954-227115feac11\": [\"fishbit\"], \"42504b35-86f3-4625-89db-70f05f677391\": [\"fishbait\"]}, \"timestamp\": \"2024-06-20 22:13:09.925909+00:00\"}, {\"component_id\": \"ee607b23-3f8e-451a-bf1d-c7520c406a1d\", \"quantity_before\": 0, \"quantity_after\": 5, \"location_before\": null, \"location_after\": {}, \"timestamp\": \"2024-06-20 22:14:50.193093+00:00\"}, {\"component_id\": \"42504b35-86f3-4625-89db-70f05f677391\", \"quantity_before\": 0, \"quantity_after\": 5, \"location_before\": null, \"location_after\": {}, \"timestamp\": \"2024-06-20 22:14:50.227106+00:00\"}, {\"component_id\": \"ee607b23-3f8e-451a-bf1d-c7520c406a1d\", \"quantity_before\": 0, \"quantity_after\": 5, \"location_before\": null, \"location_after\": {\"0593ea83-1180-4741-b954-227115feac11\": [\"fishbit\"]}, \"timestamp\": \"2024-06-20 22:16:50.576208+00:00\"}, {\"component_id\": \"42504b35-86f3-4625-89db-70f05f677391\", \"quantity_before\": 0, \"quantity_after\": 5, \"location_before\": null, \"location_after\": {\"0593ea83-1180-4741-b954-227115feac11\": [\"fishbit\"]}, \"timestamp\": \"2024-06-20 22:16:50.707845+00:00\"}, {\"component_id\": \"ee607b23-3f8e-451a-bf1d-c7520c406a1d\", \"quantity_before\": 0, \"quantity_after\": 5, \"location_before\": null, \"location_after\": null, \"timestamp\": \"2024-06-21 14:29:09.521157+00:00\"}, {\"component_id\": \"42504b35-86f3-4625-89db-70f05f677391\", \"quantity_before\": 0, \"quantity_after\": 5, \"location_before\": null, \"location_after\": [\"bait\"], \"timestamp\": \"2024-06-21 14:29:09.551527+00:00\"}, {\"component_id\": \"42504b35-86f3-4625-89db-70f05f677391\", \"quantity_before\": 5, \"quantity_after\": 10, \"location_before\": [\"bait\"], \"location_after\": [\"bait\"], \"timestamp\": \"2024-06-21 14:29:09.582867+00:00\"}, {\"component_id\": \"0593ea83-1180-4741-b954-227115feac11\", \"quantity_before\": 8, \"quantity_after\": 9, \"location_before\": [\"fishbit\"], \"location_after\": [\"fishbit\"], \"timestamp\": \"2024-06-21 14:29:09.613811+00:00\"}, {\"component_id\": \"ee607b23-3f8e-451a-bf1d-c7520c406a1d\", \"quantity_before\": 0, \"quantity_after\": 1, \"location_before\": null, \"location_after\": [], \"timestamp\": \"2024-06-21 14:37:21.648816+00:00\"}, {\"component_id\": \"ee607b23-3f8e-451a-bf1d-c7520c406a1d\", \"quantity_before\": 5, \"quantity_after\": 6, \"location_before\": null, \"location_after\": null, \"timestamp\": \"2024-06-21 14:40:09.104551+00:00\"}, {\"component_id\": \"0593ea83-1180-4741-b954-227115feac11\", \"quantity_before\": 0, \"quantity_after\": 1, \"location_before\": null, \"location_after\": [\"bait\", \"switch\"], \"timestamp\": \"2024-06-22 20:41:40.299626+00:00\"}, {\"component_id\": \"ee607b23-3f8e-451a-bf1d-c7520c406a1d\", \"quantity_before\": 0, \"quantity_after\": 3, \"location_before\": null, \"location_after\": [\"fishkit\"], \"timestamp\": \"2024-06-22 20:42:26.541024+00:00\"}, {\"component_id\": \"ee607b23-3f8e-451a-bf1d-c7520c406a1d\", \"quantity_before\": 3, \"quantity_after\": 4, \"location_before\": [\"fishkit\"], \"location_after\": [\"fishkit\"], \"timestamp\": \"2024-06-22 20:42:40.964167+00:00\"}, {\"component_id\": \"0593ea83-1180-4741-b954-227115feac11\", \"quantity_before\": 1, \"quantity_after\": 2, \"location_before\": [\"bait\", \"switch\"], \"location_after\": [\"bait\", \"switch\"], \"timestamp\": \"2024-07-18 00:43:09.224671+00:00\"}, {\"component_id\": \"ee607b23-3f8e-451a-bf1d-c7520c406a1d\", \"quantity_before\": 6, \"quantity_after\": 6, \"location_before\": null, \"location_after\": [\"bait\", \" switch\"], \"timestamp\": \"2024-07-19 05:16:08.713988+00:00\"}, {\"component_id\": \"ee607b23-3f8e-451a-bf1d-c7520c406a1d\", \"quantity_before\": 6, \"quantity_after\": 6, \"location_before\": [\"bait\", \" switch\"], \"location_after\": [\"bait\", \" switch\"], \"timestamp\": \"2024-07-19 05:16:08.740431+00:00\"}, {\"component_id\": \"664e2869-64a7-4cd7-ae10-26cba4814b59\", \"quantity_before\": 0, \"quantity_after\": 1, \"location_before\": null, \"location_after\": null, \"timestamp\": \"2024-07-21 02:37:10.067292+00:00\"}, {\"component_id\": \"ee607b23-3f8e-451a-bf1d-c7520c406a1d\", \"quantity_before\": 6, \"quantity_after\": 7, \"location_before\": [\"bait\", \" switch\"], \"location_after\": [\"bait\", \" switch\"], \"timestamp\": \"2024-07-25 20:35:32.160335+00:00\"}]", "premium_admin_override": false, "premium_until": null, "premium_until_via_kofi": "2023-08-31", "premium_until_via_patreon": null, "groups": [], "user_permissions": []}}, {"model": "accounts.customuser", "pk": 6, "fields": {"password": "!aLTeTqVOrNORSNk8ldWKgmatFxmEbXs7OCscMe5X", "last_login": "2024-07-18T16:53:59.799Z", "is_superuser": false, "first_name": "bom-squad", "last_name": "", "email": "team@bom-squad.com", "is_staff": false, "is_active": true, "date_joined": "2023-11-18T22:32:29.829Z", "username": "bom-squad", "default_currency": "USD", "history": "[{\"component_id\": \"0593ea83-1180-4741-b954-227115feac11\", \"quantity_before\": 0, \"quantity_after\": 8, \"location_before\": null, \"location_after\": null, \"timestamp\": \"2023-11-18 22:38:52.651253+00:00\"}, {\"component_id\": \"0593ea83-1180-4741-b954-227115feac11\", \"quantity_before\": 8, \"quantity_after\": 9, \"location_before\": null, \"location_after\": null, \"timestamp\": \"2023-11-18 22:39:02.699839+00:00\"}, {\"component_id\": \"0593ea83-1180-4741-b954-227115feac11\", \"quantity_before\": 9, \"quantity_after\": 9, \"location_before\": null, \"location_after\": [\"a\", \" b\", \" c\"], \"timestamp\": \"2023-11-18 22:39:09.916315+00:00\"}, {\"component_id\": \"0593ea83-1180-4741-b954-227115feac11\", \"quantity_before\": 0, \"quantity_after\": 2, \"location_before\": null, \"location_after\": null, \"timestamp\": \"2023-11-19 04:06:43.739894+00:00\"}, {\"component_id\": \"3367d260-14c2-4cdf-9b80-0ba3cc9f71dd\", \"quantity_before\": 0, \"quantity_after\": 1, \"location_before\": null, \"location_after\": null, \"timestamp\": \"2023-11-24 02:09:55.741540+00:00\"}, {\"component_id\": \"0593ea83-1180-4741-b954-227115feac11\", \"quantity_before\": 2, \"quantity_after\": 10, \"location_before\": null, \"location_after\": null, \"timestamp\": \"2023-12-01 13:37:29.725377+00:00\"}, {\"component_id\": \"0593ea83-1180-4741-b954-227115feac11\", \"quantity_before\": 10, \"quantity_after\": 10, \"location_before\": null, \"location_after\": [\"one\", \" two\", \" three\"], \"timestamp\": \"2023-12-01 13:56:41.426308+00:00\"}]", "premium_admin_override": false, "premium_until": null, "premium_until_via_kofi": null, "premium_until_via_patreon": null, "groups": [], "user_permissions": []}}, {"model": "accounts.customuser", "pk": 8, "fields": {"password": "!UaQRxfoel1Kny6qhEEOZ8KcnFjX0SRiPXUSaBCuC", "last_login": null, "is_superuser": false, "first_name": "Daniel", "last_name": "Miller", "email": "lontano.composer@gmail.com", "is_staff": false, "is_active": true, "date_joined": "2024-06-27T09:44:10.593Z", "username": "me", "default_currency": "USD", "history": [], "premium_admin_override": false, "premium_until": null, "premium_until_via_kofi": null, "premium_until_via_patreon": null, "groups": [], "user_permissions": []}}, {"model": "accounts.customuser", "pk": 10, "fields": {"password": "!FDQsrfR0SnlX04ixzUgRo1Z8PIQb1qZQUCGisbJ6", "last_login": "2024-07-10T18:09:07.701Z", "is_superuser": false, "first_name": "Daniel", "last_name": "Miller", "email": "pleathr.starfish@gmail.com", "is_staff": false, "is_active": true, "date_joined": "2024-07-03T18:26:52.143Z", "username": "daniel", "default_currency": "USD", "history": "[{\"component_id\": \"0593ea83-1180-4741-b954-227115feac11\", \"quantity_before\": 0, \"quantity_after\": 8, \"location_before\": null, \"location_after\": [\"one\"], \"timestamp\": \"2024-07-03 18:31:10.653762+00:00\"}, {\"component_id\": \"0593ea83-1180-4741-b954-227115feac11\", \"quantity_before\": 8, \"quantity_after\": 16, \"location_before\": [\"one\"], \"location_after\": [\"one\"], \"timestamp\": \"2024-07-03 18:31:12.708976+00:00\"}, {\"component_id\": \"09f36cb5-f83f-4155-8fd0-de5da26a47f0\", \"quantity_before\": 0, \"quantity_after\": 1, \"location_before\": null, \"location_after\": null, \"timestamp\": \"2024-07-03 21:04:58.519554+00:00\"}, {\"component_id\": \"49e5488b-1a11-4a2d-a496-b63db483dbac\", \"quantity_before\": 0, \"quantity_after\": 1, \"location_before\": null, \"location_after\": null, \"timestamp\": \"2024-07-03 21:08:50.290708+00:00\"}, {\"component_id\": \"49e5488b-1a11-4a2d-a496-b63db483dbac\", \"quantity_before\": 1, \"quantity_after\": 2, \"location_before\": null, \"location_after\": null, \"timestamp\": \"2024-07-03 21:08:50.309931+00:00\"}, {\"component_id\": \"2e8790e6-d7c2-4d68-8c9b-7d692cff591b\", \"quantity_before\": 0, \"quantity_after\": 1, \"location_before\": null, \"location_after\": null, \"timestamp\": \"2024-07-03 21:10:23.545275+00:00\"}, {\"component_id\": \"2e8790e6-d7c2-4d68-8c9b-7d692cff591b\", \"quantity_before\": 0, \"quantity_after\": 1, \"location_before\": null, \"location_after\": null, \"timestamp\": \"2024-07-03 21:12:01.032805+00:00\"}, {\"component_id\": \"2e8790e6-d7c2-4d68-8c9b-7d692cff591b\", \"quantity_before\": 0, \"quantity_after\": 1, \"location_before\": null, \"location_after\": null, \"timestamp\": \"2024-07-03 21:14:52.345966+00:00\"}, {\"component_id\": \"2e8790e6-d7c2-4d68-8c9b-7d692cff591b\", \"quantity_before\": 0, \"quantity_after\": 1, \"location_before\": null, \"location_after\": null, \"timestamp\": \"2024-07-03 21:21:43.471396+00:00\"}, {\"component_id\": \"2e8790e6-d7c2-4d68-8c9b-7d692cff591b\", \"quantity_before\": 0, \"quantity_after\": 1, \"location_before\": null, \"location_after\": null, \"timestamp\": \"2024-07-03 21:22:57.505092+00:00\"}, {\"component_id\": \"2e8790e6-d7c2-4d68-8c9b-7d692cff591b\", \"quantity_before\": 0, \"quantity_after\": 1, \"location_before\": null, \"location_after\": null, \"timestamp\": \"2024-07-03 21:40:12.948997+00:00\"}, {\"component_id\": \"2e8790e6-d7c2-4d68-8c9b-7d692cff591b\", \"quantity_before\": 0, \"quantity_after\": 1, \"location_before\": null, \"location_after\": null, \"timestamp\": \"2024-07-03 21:42:02.995491+00:00\"}, {\"component_id\": \"2e8790e6-d7c2-4d68-8c9b-7d692cff591b\", \"quantity_before\": 0, \"quantity_after\": 1, \"location_before\": null, \"location_after\": null, \"timestamp\": \"2024-07-03 21:44:20.873504+00:00\"}, {\"component_id\": \"2e8790e6-d7c2-4d68-8c9b-7d692cff591b\", \"quantity_before\": 0, \"quantity_after\": 1, \"location_before\": null, \"location_after\": null, \"timestamp\": \"2024-07-03 21:47:34.173265+00:00\"}, {\"component_id\": \"2e8790e6-d7c2-4d68-8c9b-7d692cff591b\", \"quantity_before\": 1, \"quantity_after\": 2, \"location_before\": null, \"location_after\": null, \"timestamp\": \"2024-07-04 00:29:28.548017+00:00\"}, {\"component_id\": \"2e8790e6-d7c2-4d68-8c9b-7d692cff591b\", \"quantity_before\": 2, \"quantity_after\": 2, \"location_before\": null, \"location_after\": null, \"timestamp\": \"2024-07-04 00:29:28.565377+00:00\"}, {\"component_id\": \"2e8790e6-d7c2-4d68-8c9b-7d692cff591b\", \"quantity_before\": 0, \"quantity_after\": 1, \"location_before\": null, \"location_after\": null, \"timestamp\": \"2024-07-04 16:03:25.575401+00:00\"}, {\"component_id\": \"2e8790e6-d7c2-4d68-8c9b-7d692cff591b\", \"quantity_before\": 0, \"quantity_after\": 1, \"location_before\": null, \"location_after\": null, \"timestamp\": \"2024-07-04 16:06:47.269499+00:00\"}, {\"component_id\": \"2e8790e6-d7c2-4d68-8c9b-7d692cff591b\", \"quantity_before\": 1, \"quantity_after\": 2, \"location_before\": null, \"location_after\": null, \"timestamp\": \"2024-07-04 16:12:27.590712+00:00\"}, {\"component_id\": \"2e8790e6-d7c2-4d68-8c9b-7d692cff591b\", \"quantity_before\": 2, \"quantity_after\": 3, \"location_before\": null, \"location_after\": null, \"timestamp\": \"2024-07-04 16:12:43.921564+00:00\"}, {\"component_id\": \"2e8790e6-d7c2-4d68-8c9b-7d692cff591b\", \"quantity_before\": 3, \"quantity_after\": 7, \"location_before\": null, \"location_after\": null, \"timestamp\": \"2024-07-04 16:12:49.342461+00:00\"}, {\"component_id\": \"2e8790e6-d7c2-4d68-8c9b-7d692cff591b\", \"quantity_before\": 0, \"quantity_after\": 1, \"location_before\": null, \"location_after\": [\"boop\"], \"timestamp\": \"2024-07-04 16:13:01.305530+00:00\"}, {\"component_id\": \"49e5488b-1a11-4a2d-a496-b63db483dbac\", \"quantity_before\": 0, \"quantity_after\": 1, \"location_before\": null, \"location_after\": [\"bit\"], \"timestamp\": \"2024-07-04 16:32:53.563833+00:00\"}, {\"component_id\": \"49e5488b-1a11-4a2d-a496-b63db483dbac\", \"quantity_before\": 1, \"quantity_after\": 2, \"location_before\": [\"bit\"], \"location_after\": [\"bit\"], \"timestamp\": \"2024-07-04 16:33:05.403351+00:00\"}, {\"component_id\": \"49e5488b-1a11-4a2d-a496-b63db483dbac\", \"quantity_before\": 2, \"quantity_after\": 2, \"location_before\": [\"bit\"], \"location_after\": [\"bit\", \" boop\"], \"timestamp\": \"2024-07-04 16:33:10.202728+00:00\"}, {\"component_id\": \"49e5488b-1a11-4a2d-a496-b63db483dbac\", \"quantity_before\": 2, \"quantity_after\": 2, \"location_before\": [\"bit\", \" boop\"], \"location_after\": [\"bit\", \" boop\"], \"timestamp\": \"2024-07-04 16:33:10.216081+00:00\"}, {\"component_id\": \"49e5488b-1a11-4a2d-a496-b63db483dbac\", \"quantity_before\": 0, \"quantity_after\": 3, \"location_before\": null, \"location_after\": [\"bit\", \"boop\"], \"timestamp\": \"2024-07-04 16:33:36.500337+00:00\"}, {\"component_id\": \"49e5488b-1a11-4a2d-a496-b63db483dbac\", \"quantity_before\": 3, \"quantity_after\": 2, \"location_before\": [\"bit\", \"boop\"], \"location_after\": [\"bit\", \"boop\"], \"timestamp\": \"2024-07-04 16:33:45.039007+00:00\"}, {\"component_id\": \"49e5488b-1a11-4a2d-a496-b63db483dbac\", \"quantity_before\": 2, \"quantity_after\": 7, \"location_before\": [\"bit\", \"boop\"], \"location_after\": [\"bit\", \"boop\"], \"timestamp\": \"2024-07-04 16:33:51.413066+00:00\"}, {\"component_id\": \"0593ea83-1180-4741-b954-227115feac11\", \"quantity_before\": 0, \"quantity_after\": 8, \"location_before\": null, \"location_after\": [\"one\"], \"timestamp\": \"2024-07-09 02:29:04.694462+00:00\"}]", "premium_admin_override": false, "premium_until": null, "premium_until_via_kofi": null, "premium_until_via_patreon": null, "groups": [], "user_permissions": []}}, {"model": "accounts.usernotes", "pk": "0f88058a-d5cd-4bcd-ab96-5d974cd594c7", "fields": {"datetime_updated": "2024-07-25T18:54:00.379Z", "note": "Nice", "want_to_build_module": "07aa6f89-fb60-4e52-9bb8-9ae027b914a2", "built_module": null}}, {"model": "accounts.usernotes", "pk": "25a31f53-9820-4d0b-b490-a5474c937db3", "fields": {"datetime_updated": "2024-07-25T18:43:07.095Z", "note": "Lorem ipsum odor amet, consectetuer adipiscing elit. Nisl ullamcorper nec augue nibh arcu litora mattis sed feugiat. Dictum mattis elit fames morbi condimentum mi nisl. Varius bibendum enim tempor vehicula purus duis consectetur. Vulputate faucibus quam magnis sagittis finibus mattis. Ornare turpis cursus elit turpis consectetur etiam tempor bibendum. Aptent facilisis netus nisi mi ultrices aenean. Class erat at non sollicitudin egestas a interdum nam.\n\nSollicitudin accumsan posuere scelerisque himenaeos dictum scelerisque. Congue aliquet vivamus curabitur egestas nascetur. Per elit auctor netus ullamcorper fames nibh diam. Odio nibh parturient sollicitudin, diam donec lectus bibendum. Varius maximus molestie morbi urna eros massa. Neque velit efficitur himenaeos luctus fermentum urna gravida nibh. Luctus dictum blandit integer adipiscing senectus turpis torquent placerat dui. Hac ridiculus vestibulum euismod; tortor sodales ut luctus senectus. Aquis curabitur tristique nostra; egestas tellus ornare proin. Dapibus gravida felis torquent tellus dapibus morbi faucibus eu fermentum.\n\nEu interdum in litora et placerat consectetur. Erat nunc magna aptent; nascetur lacus platea tincidunt. Est felis metus cursus vehicula euismod convallis nec consectetur etiam. Molestie nascetur nullam elit felis vel, lorem sollicitudin pulvinar. Inceptos neque pulvinar dolor lobortis ullamcorper. Habitant nec donec ut netus fringilla proin odio interdum donec.\n\nAduis sed, ullamcorper venenatis ultricies nec nisl pulvinar. Penatibus lacus nibh gravida neque varius. Placerat nibh magna vel; euismod accumsan augue sed nisl. Dapibus maximus natoque quisque aenean vitae mus. Enim dolor cras netus consequat fermentum suscipit porttitor class. Magnis litora taciti hendrerit cubilia justo class. Eget hac nisi facilisis, interdum sociosqu ipsum eget.", "want_to_build_module": "290ea8d4-f715-4218-9424-5294cdf131a2", "built_module": null}}, {"model": "accounts.usernotes", "pk": "3bbb7569-cfad-47d6-a1cd-52f816ac2c6e", "fields": {"datetime_updated": "2024-07-25T16:56:33.009Z", "note": "one two three", "want_to_build_module": null, "built_module": "544ddc44-775f-4c62-bd44-95c0d903fb6f"}}, {"model": "accounts.usernotes", "pk": "f3d7d6d3-c354-4b21-9424-a964506c710a", "fields": {"datetime_updated": "2024-07-26T01:32:18.290Z", "note": "Lorem ipsum odor amet, consectetuer adipiscing elit. Nisl ullamcorper nec augue nibh arcu litora mattis sed feugiat. Dictum mattis elit fames morbi condimentum mi nisl. Varius bibendum enim tempor vehicula purus duis consectetur. Vulputate faucibus quam magnis sagittis finibus mattis. Ornare turpis cursus elit turpis consectetur etiam tempor bibendum. Aptent facilisis netus nisi mi ultrices aenean. Class erat at non sollicitudin egestas a interdum nam. Sollicitudin accumsan posuere scelerisque himenaeos dictum scelerisque. Congue aliquet vivamus curabitur egestas nascetur. Per elit auctor netus ullamcorper fames nibh diam. Odio nibh parturient sollicitudin, diam donec lectus bibendum. Varius maximus molestie morbi urna eros massa. Neque velit efficitur himenaeos luctus fermentum urna gravida nibh. Luctus dictum blandit integer adipiscing senectus turpis torquent placerat dui. Hac ridiculus vestibulum euismod; tortor sodales ut luctus senectus. Aquis curabitur tristique nostra; egestas tellus ornare proin. Dapibus gravida felis torquent tellus dapibus morbi faucibus eu fermentum. Eu interdum in litora et placerat consectetur. Erat nunc magna aptent; nascetur lacus platea tincidunt. Est felis metus cursus vehicula euismod convallis nec consectetur etiam. Molestie nascetur nullam elit felis vel, lorem sollicitudin pulvinar. Inceptos neque pulvinar dolor lobortis ullamcorper. Habitant nec donec ut netus fringilla proin odio interdum donec. Aduis sed, ullamcorper venenatis ultricies nec nisl pulvinar. Penatibus lacus nibh gravida neque varius. Placerat nibh magna vel; euismod accumsan augue sed nisl. Dapibus maximus natoque quisque aenean vitae mus. Enim dolor cras netus consequat fermentum suscipit porttitor class. Magnis litora taciti hendrerit cubilia justo class. Eget hac nisi facilisis, interdum sociosqu ipsum eget.", "want_to_build_module": "83e8a7eb-24a3-4fbc-8273-c79922253a43", "built_module": null}}, {"model": "pages.staticpage", "pk": 1, "fields": {"title": "About", "content": {"time": 1721532839247, "blocks": [{"id": "iB9-PcrbVl", "data": {"html": "<p>Welcome to BOM Squad, the free search and inventory tool created for and by DIY audio hardware enthusiasts! BOM Squad converts static component lists into interactive shopping lists cross-referenced against a database of common components from Tayda, Mouser, and other retailers. Once you’ve sourced your components, BOM Squad helps you manage your personal inventory of components. And because your shopping list knows what’s in your inventory, BOM Squad eliminates redundant orders and helps you repurpose extra components for future builds.</p><br>\n\n<p>Say goodbye to the headache of managing complex spreadsheets and double checking them against PDFs and supplier websites! BOM Squad eliminates this tedious manual work.</p><br>\n\n<p>But it doesn’t end there. BOM Squad’s community features crowdsource information about components. Want to know how a certain diode sounds in a fuzz distortion circuit? Need to find an alternative to a component that’s been discontinued? Each component is reviewed in relation to a particular build. No more searching through forum archives. BOM Squad preserve this community wisdom in a single place that’s purpose built for the DIY community.</p><br>\n\n<p>BOM Squad is open source and the code is freely availible on GitHub, but web hosting isn’t cheap. Please <a class=\"text-blue-500 hover:text-blue-700\" href=\"https://ko-fi.com/bomsquad\">support the project on Ko-fi</a> for $3 or $10 per month and help keep us free and online. And to thank you for your support, Ko-fi subscribers get to the choose which features and projects we add next!</p>"}, "type": "Raw"}, {"id": "10HFfy4wUq", "data": {"title": "Support the project", "message": "BOM Squad is open source and the code is freely availible on GitHub, but web hosting isn’t cheap. Please&nbsp;<a href=\"https://ko-fi.com/bomsquad\">support the project on Ko-fi</a>&nbsp;for $3 or $10 per month and help keep us free and online. And to thank you for your support, Ko-fi subscribers get to the choose which features and projects we add next!"}, "type": "Warning"}, {"id": "5G742-aZz6", "data": {"html": "<h2 class=\"mb-6 text-4xl font-bold sm:my-8 lg:my-10 font-display\">Values</h2>\n<div style=\"display: grid; grid-template-columns: repeat(auto-fill, minmax(300px, 1fr)); gap: 20px; padding: 20px;\">\n  <div style=\"background-color: #f9f9f9; padding: 20px; border-radius: 12px; display: flex; align-items: start;\">\n    <div>\n      <b class=\"mb-2\" style=\"font-size: 1.2em;\">Community Driven</b><br> Over 95% of audio hardware manufacturers are either sole proprietors or small businesses. We want to give back by building a platform that supports grassroots artists, whether they be consumers, hobbyists, or manufacturers, by making access to knowledge and components easier for everyone.\n    </div>\n  </div>\n  <div style=\"background-color: #f9f9f9; padding: 20px; border-radius: 12px; display: flex; align-items: start;\">\n    <div>\n      <b class=\"mb-2\" style=\"font-size: 1.2em;\">Free Forever</b><br> We’re committed to keeping BOM Squad free to use forever. Although we considered a “freemium” model, we would rather make BOM Squad a tool that’s available to everyone. To that end, we’ve chosen to experiment with crowdfunding instead.\n    </div>\n  </div>\n  <div style=\"background-color: #f9f9f9; padding: 20px; border-radius: 12px; display: flex; align-items: start;\">\n    <div>\n      <b class=\"mb-2\" style=\"font-size: 1.2em;\">Open Source</b><br> Our platform thrives on transparency. Explore our <a class=\"text-blue-500 hover:text-blue-700\" href=\"https://github.com/PleatherStarfish/bomsquad\">codebase on GitHub<a/> and contribute directly to our codebase. We welcome experienced engineers and new contributors alike. BOM Squad is a great place to dip your toe into contributing to an open-source codebase!\n    </div>\n  </div>\n  <div style=\"background-color: #f9f9f9; padding: 20px; border-radius: 12px; display: flex; align-items: start;\">\n    <div>\n      <b class=\"mb-2\" style=\"font-size: 1.2em;\">Robust and Scalable</b><br> We’re building a fully-featured tool that is intended to scale. Although our initial aim has been to support the DIY Eurorack community, we aim to expand over time to support DIY guitar pedals, video synthesizers, and creative electronics for use cases beyond the performing arts too.\n    </div>\n  </div>\n</div>"}, "type": "Raw"}, {"id": "qf0mSAJHEx", "data": {"html": "<h2 class=\"mb-6 text-4xl font-bold sm:my-8 lg:my-10 font-display\">How it works</h2>\n<p>From the homepage, select a project you want to build. You can add projects to your personal list of previously-built project or add it to an aspirational list of projects you plan to build.</p>\n<br>\n<p>Each project page contains details about the project, including a links to the manufacturer’s page where the item (PCB, front panel, kit, etc.) can be purchased, the manufacturer’s original bill of materials (BOM), build instructions (if any) and other relevant links.</p>\n<br>\n<p class=\"mb-6\">A key feature of each product page is the interactive BOM. The manufacturer’s original BOM has been converted into a nested table. BOM items (the build requirements) are listed as rows in the top-level table. Clicking on any row in the table reveals a nested table of components which fulfill that BOM item. (Note that if a project exists in several versions, with different PCBs and BOMs, each version is listed as tabs along the top of the table.)</p>\n"}, "type": "Raw"}, {"id": "u9nAiIqV4Z", "data": {"file": {"url": "/media/uploads/images/2024/07/QewVYOHPoB0.png"}, "caption": "The interactive BOM for the Triple Sloth module by Nonlinearcircuits, showing different versions of the PCB.", "stretched": false, "withBorder": false, "withBackground": false}, "type": "Image"}, {"id": "c2rRt9SNEC", "data": {"html": "<p class=\"py-6 text-center\"><i>The interactive BOM for the Triple Sloth module by Nonlinearcircuits, showing different versions of the PCB.</i></p>"}, "type": "Raw"}, {"id": "o7QJU1VJvd", "data": {"html": "<p class=\"mb-6\">The nested table underneath each rows reveals a list of components which fulfill a particular BOM item. Each component displays a few key attributes, including price and a supplier ID number which links to the supplier website. There’s also a community review, which represents how well a component works for a particular BOM list item in a particular build. Community reviews do not represent the quality of components apart from their use in particular projects.</p>"}, "type": "Raw"}, {"id": "TiyOEBZSZi", "data": {"file": {"url": "/media/uploads/images/2024/07/MZjyOo9YyT8.png"}, "caption": "Component that fulfill the 10uF item from a BOM.", "stretched": false, "withBorder": false, "withBackground": false}, "type": "Image"}, {"id": "T7Zp-DNZQY", "data": {"html": "<p class=\"py-6 text-center\"><i>Component that fulfill the 10uF item from a BOM.</i></p>"}, "type": "Raw"}, {"id": "zOTat3FXBK", "data": {"html": "<p class=\"mb-6\">Signed-in users can add components to their inventory or to a “shopping list” of components they intend to acquire for a particular project. You may add components to your inventory/shopping list or edit the quantity in the inventory/shopping list directly. If you’re adding a component to your inventory, you can also specify the location where you store the component.</p>"}, "type": "Raw"}, {"id": "g--t8GPgjt", "data": {"file": {"url": "/media/uploads/images/2024/07/0a4dOF727_Y.png"}, "caption": "If you're adding a component to your inventory, you can specify storage location. Locations are specified as a comma-separated list representing a nested structure. For example, you could specify a drawer number which itself contains a box number. This would be the location where you could find the component in the \"real world.\"", "stretched": false, "withBorder": false, "withBackground": false}, "type": "Image"}, {"id": "IZQaABAsfs", "data": {"html": "<p class=\"py-6 text-center\"><i>If you're adding a component to your inventory, you can specify storage location. Locations are specified as a comma-separated list representing a nested structure. For example, you could specify a drawer number which itself contains a box number. This would be the location where you could find the component in the \"real world.\"</i></p>"}, "type": "Raw"}, {"id": "FApvAIkrRp", "data": {"html": "<p class=\"mb-6\"> As a signed-in user, if your inventory contains sufficient components to fulfill a particular item in a BOM, a folder icon is displayed in the interactive BOM. The BOM row will be light yellow. If your shopping list contains sufficient components to fulfill a particular item in a BOM, a cart icon is displayed in the interactive BOM. The BOM row will also be light yellow. If both your inventory and shopping list both contain sufficient components to fulfill a particular item in a BOM, both items will be displayed and the row will be a darker shade of yellow. This feature is intended to help verify that a particular project is possible with the components you posses or intend to acquire. However, currently the feature does not check whether a separate planned build also requires a particular component (overlapping requirements). Use the shopping list in the user account page to verify that you are purchasing sufficient components for each BOM list item. </p>"}, "type": "Raw"}, {"id": "DU27u9mNDG", "data": {"file": {"url": "/media/uploads/images/2024/07/WOfxrX6KfcQ.png"}, "caption": "The interactive BOM uses yellow highlights and icons to indicate if your inventory or shopping list meets an item's requirements. Darker yellow means both sources meet the requirements.", "stretched": false, "withBorder": false, "withBackground": false}, "type": "Image"}, {"id": "NhWc3ZxAyE", "data": {"html": "<p class=\"py-6 text-center\"><i>The interactive BOM uses yellow highlights and icons to indicate if your inventory or shopping list meets an item's requirements. Darker yellow means both sources meet the requirements.</i></p>"}, "type": "Raw"}], "version": "2.25.0"}}}, {"model": "pages.staticpage", "pk": 2, "fields": {"title": "Disclaimer", "content": {"time": 1721400035401, "blocks": [{"id": "goF0su3pJh", "data": {"html": "<p>The Bom Squad website (hereinafter referred to as \"the Website\") provides information about Eurorack modules, including bill of materials (BOM) and other related information. However, Bom Squad (hereinafter referred to as \"we\" or \"us\") cannot guarantee the accuracy, completeness, or reliability of the information provided on the Website.</p> <p>&nbsp;</p> <p>The information provided on the Website is for general informational purposes only and should not be considered as professional advice or relied upon for any specific purpose. Users of the Website should exercise their own judgment and discretion when using the information provided, and verify the accuracy of the BOM or other information before relying on it for any purpose, including but not limited to building Eurorack modules.</p> <p>&nbsp;</p> <p>We do not assume any liability for any errors, omissions, or inaccuracies in the BOM or other information provided on the Website. We shall not be responsible for any loss, damage, injury, or inconvenience arising out of or in connection with the use of the Website or reliance on the information provided on the Website, including but not limited to any direct, indirect, consequential, or incidental damages.</p> <p>&nbsp;</p> <p>Users of the Website acknowledge and agree that they use the information provided on the Website at their own risk, and that Bom Squad shall not be held responsible for any consequences that may arise from the use or reliance on such information.</p> <p>&nbsp;</p> <p>Furthermore, the Website may contain links to third-party websites or resources that are not under our control. We do not endorse, warrant, or guarantee the accuracy, reliability, or legality of any content, products, services, or information provided on such third-party websites or resources. Users of the Website acknowledge and agree that they access and use such third-party websites or resources at their own risk, and that Bom Squad shall not be liable for any loss or damage arising out of or in connection with the use of such third-party websites or resources.</p> <p>&nbsp;</p> <p>By using the Website, users acknowledge and agree to release, indemnify, and hold harmless Bom Squad, its officers, employees, agents, and affiliates from any and all claims, damages, liabilities, costs, and expenses (including attorney's fees) arising out of or in connection with the use of the Website or reliance on the information provided on the Website.</p> <p>&nbsp;</p> <p>This liability disclaimer shall be governed by and construed in accordance with the laws of the jurisdiction where Bom Squad is based, without giving effect to any principles of conflicts of law. Any disputes arising out of or in connection with this liability disclaimer shall be subject to the exclusive jurisdiction of the courts in the jurisdiction where Bom Squad is based.</p> <p>&nbsp;</p> <p>By using the Website, users acknowledge that they have read, understood, and agreed to this liability disclaimer in its entirety. If users do not agree with any part of this liability disclaimer, they should refrain from using the Website.</p>\n<br>\n<h1 class=\"mb-6 text-2xl font-bold sm:my-10 lg:my-14 font-display\">Values</h1>\n<ul>\n<li><b>Celebrating Community:</b> Over 95% of audio hardware manufacturers are either sole proprietors or small businesses.  We want to give back by building a platform that supports grassroots artists, whether they be consumers, hobbyists, or manufacturers, by making access to knowledge and components easier for everyone.</li>\n<li><b>Free Forever:</b> We’re committed to keeping BOM Squad free to use forever. Although we considered a “freemium” model, we would rather make BOM Squad a tool that’s availible to everyone. To that end, we’ve chosen to experiment with crowdfunding instead. </li>\n<li><b>Open Source & Community Driven:</b> Our platform thrives on transparency. Explore our codebase on GitHub and contribute directly to our codebase. We welcome experienced engineers and new contributors alike. BOM Squad is a great place to dip your toe into contributing to an open-source codebase!</li>\n<li><b>Robust and Scalable:/b> We’re building a fully-featured tool that intended to scale. Although our initial aim has been to support the DIY Eurorack community, we aim to a expand over time to support DIY guitar pedals, video synthesizer, and creative electronics for use cases beyond the performing arts too. </li>\n</ul>"}, "type": "Raw"}], "version": "2.25.0"}}}, {"model": "pages.staticpage", "pk": 3, "fields": {"title": "TOS", "content": {"time": 1721449841607, "blocks": [{"id": "uZl6_qosGJ", "data": {"html": "<div class=\"container mt-5\">\n  <h1>Terms of Service</h1>\n\n  <h2>1. Acceptance of Terms</h2>\n  <p>Welcome to the Bom Squad website (hereinafter referred to as \"the Website\"). By accessing or using the Website, you agree to be bound by the following terms and conditions (the \"Terms of Service\"). If you do not agree with these Terms of Service, please do not use the Website.</p>\n\n  <h2>2. Use of the Website</h2>\n  <p>You agree to use the Website only for lawful purposes and in a manner that does not infringe the rights of, restrict, or inhibit anyone else's use and enjoyment of the Website. Prohibited behavior includes, but is not limited to, harassing or causing distress or inconvenience to any other user, transmitting obscene or offensive content, or disrupting the normal flow of dialogue within the Website.</p>\n\n  <h2>3. Intellectual Property</h2>\n  <p>All content on the Website, including but not limited to text, graphics, logos, icons, images, audio clips, and software, is the property of Bom Squad or its content suppliers and is protected by international copyright laws. Unauthorized use of the content may violate copyright, trademark, and other laws. You may not use any content without the express written consent of Bom Squad.</p>\n\n  <h2>4. User Contributions</h2>\n  <p>By submitting any content (including, but not limited to, comments, feedback, and suggestions) to the Website, you grant Bom Squad a non-exclusive, royalty-free, perpetual, irrevocable, and fully sublicensable right to use, reproduce, modify, adapt, publish, translate, create derivative works from, distribute, and display such content throughout the world in any media. You represent and warrant that you own or otherwise control all of the rights to the content you submit, that the content is accurate, and that use of the content you supply does not violate these Terms of Service and will not cause injury to any person or entity.</p>\n\n  <h2>5. Disclaimers and Limitation of Liability</h2>\n  <p>The Website and the information, content, materials, and products included on the Website are provided on an \"as is\" and \"as available\" basis. Bom Squad makes no representations or warranties of any kind, express or implied, as to the operation of the Website or the information, content, materials, or products included on the Website. You expressly agree that your use of the Website is at your sole risk.</p>\n  <p>To the full extent permissible by applicable law, Bom Squad disclaims all warranties, express or implied, including, but not limited to, implied warranties of merchantability and fitness for a particular purpose. Bom Squad does not warrant that the Website, its servers, or email sent from Bom Squad are free of viruses or other harmful components. Bom Squad will not be liable for any damages of any kind arising from the use of the Website, including, but not limited to, direct, indirect, incidental, punitive, and consequential damages.</p>\n\n  <h2>6. Indemnification</h2>\n  <p>You agree to indemnify, defend, and hold harmless Bom Squad, its officers, directors, employees, agents, licensors, and suppliers from and against all claims, losses, expenses, damages, and costs, including reasonable attorneys' fees, resulting from any violation of these Terms of Service or any activity related to your use of the Website (including negligent or wrongful conduct) by you or any other person accessing the Website using your Internet account.</p>\n\n  <h2>7. Modifications to the Terms of Service</h2>\n  <p>Bom Squad reserves the right to change these Terms of Service at any time. Any changes will be posted on this page, and it is your responsibility to review these Terms of Service periodically. Your continued use of the Website following the posting of changes will constitute your acceptance of the changes.</p>\n\n  <h2>8. Governing Law and Jurisdiction</h2>\n  <p>These Terms of Service and any dispute or claim arising out of or in connection with them or their subject matter or formation (including non-contractual disputes or claims) shall be governed by and construed in accordance with the laws of the jurisdiction where Bom Squad is based, without giving effect to any principles of conflicts of law. Any disputes arising out of or in connection with these Terms of Service shall be subject to the exclusive jurisdiction of the courts in the jurisdiction where Bom Squad is based.</p>\n\n</div>"}, "type": "Raw"}], "version": "2.25.0"}}}, {"model": "modules.manufacturer", "pk": "9f956ea1-4556-40a3-96ee-06e088aacd76", "fields": {"datetime_updated": "2023-07-13T03:19:29.876Z", "name": "Nonlinearcircuits", "link": "https://www.nonlinearcircuits.com/", "notes": "", "slug": "nonlinearcircuits"}}, {"model": "modules.pcbversion", "pk": "036735bd-db4f-4deb-8449-988056bcbc1c", "fields": {"datetime_updated": "2023-08-06T22:29:29.235Z", "module": "b7615951-2a55-456b-8cce-ddba334aa89e", "version": "1", "order": 0}}, {"model": "modules.pcbversion", "pk": "0b79c035-5128-4ab9-9458-046bd72cf852", "fields": {"datetime_updated": "2023-08-08T06:59:20.479Z", "module": "686c6680-cdce-4aec-8dc9-6dcfe80785ee", "version": "1", "order": 0}}, {"model": "modules.pcbversion", "pk": "918a59e0-55ee-4f95-b7de-a6028f352faa", "fields": {"datetime_updated": "2023-08-06T07:33:46.656Z", "module": "cc8209b3-6bab-4f53-94ea-dd4d6541a018", "version": "1", "order": 0}}, {"model": "modules.pcbversion", "pk": "d31a8cba-dc2d-48a2-a5e7-048c91b8e8fb", "fields": {"datetime_updated": "2023-07-31T19:35:01.176Z", "module": "a7439a7c-3862-429e-83c0-f0c06f3bc1a9", "version": "Version 22 (later version)", "order": 1}}, {"model": "modules.pcbversion", "pk": "ed314ca9-65a9-406a-a724-bca0673fd7dd", "fields": {"datetime_updated": "2023-07-27T15:46:46.343Z", "module": "a7439a7c-3862-429e-83c0-f0c06f3bc1a9", "version": "Stacked PCBs (earlier version)", "order": 0}}, {"model": "modules.modulebomlistitem", "pk": "01aaa9f7-54c7-436f-89a2-eeb12b990769", "fields": {"datetime_updated": "2023-07-31T22:23:52.631Z", "description": "470K", "module": "a7439a7c-3862-429e-83c0-f0c06f3bc1a9", "type": "06b913cc-3ecd-4b47-baf7-676d8fcc78bf", "designators": "R12, R34", "quantity": 2, "notes": "", "components_options": ["b7fb046a-ba49-45ff-b2b6-f504dbe1475e"], "pcb_version": ["ed314ca9-65a9-406a-a724-bca0673fd7dd"]}}, {"model": "modules.modulebomlistitem", "pk": "020b521c-b67c-402a-8665-beae07506cf2", "fields": {"datetime_updated": "2023-08-08T07:17:27.106Z", "description": "BC847", "module": "686c6680-cdce-4aec-8dc9-6dcfe80785ee", "type": "5a16a128-e92c-452a-a516-68c9f88c9723", "designators": "", "quantity": 2, "notes": "NPN sot23 Tayda: A-1339", "components_options": ["8f3ffc03-a512-41ec-90c4-e246f842bf60"], "pcb_version": ["0b79c035-5128-4ab9-9458-046bd72cf852"]}}, {"model": "modules.modulebomlistitem", "pk": "03d96f97-8025-4218-8ce6-9f320914279b", "fields": {"datetime_updated": "2023-07-27T16:13:12.706Z", "description": "220K", "module": "a7439a7c-3862-429e-83c0-f0c06f3bc1a9", "type": "06b913cc-3ecd-4b47-baf7-676d8fcc78bf", "designators": "R7", "quantity": 1, "notes": "0805", "components_options": ["d3146b56-837b-4024-ac1c-cacfb82a29fb"], "pcb_version": ["ed314ca9-65a9-406a-a724-bca0673fd7dd"]}}, {"model": "modules.modulebomlistitem", "pk": "07b44687-a501-4861-8246-d4c12c60f7bb", "fields": {"datetime_updated": "2023-07-27T16:13:04.970Z", "description": "Eurorack 10 pin power connector", "module": "a7439a7c-3862-429e-83c0-f0c06f3bc1a9", "type": "26d1eb76-386b-4933-9a61-c9339bc6558a", "designators": "", "quantity": 1, "notes": "Tayda: A-198", "components_options": ["664e2869-64a7-4cd7-ae10-26cba4814b59"], "pcb_version": ["ed314ca9-65a9-406a-a724-bca0673fd7dd"]}}, {"model": "modules.modulebomlistitem", "pk": "0838ae9b-8929-41be-a7d1-582cca3a7586", "fields": {"datetime_updated": "2023-08-08T06:59:45.228Z", "description": "10uF", "module": "686c6680-cdce-4aec-8dc9-6dcfe80785ee", "type": "c7092b42-bd52-4ee5-b539-fbf0dfdd78e9", "designators": "", "quantity": 2, "notes": "0805 25V+ Mouser:963-TMK212BBJ106MG-T or similar", "components_options": ["6c69c361-74ef-42da-8e82-b25a1e625dd1", "e999282a-b247-4174-9345-987eb7f2889b", "b07286d4-0aa4-4eea-9c41-6b6ec4db106b", "7996eee7-e522-40c5-ac52-c647e58df483"], "pcb_version": ["0b79c035-5128-4ab9-9458-046bd72cf852"]}}, {"model": "modules.modulebomlistitem", "pk": "0f282eeb-b7b7-4c3e-a71f-d1c22cd62c52", "fields": {"datetime_updated": "2023-08-06T07:08:28.524Z", "description": "1k", "module": "a7439a7c-3862-429e-83c0-f0c06f3bc1a9", "type": "06b913cc-3ecd-4b47-baf7-676d8fcc78bf", "designators": "", "quantity": 7, "notes": "0805", "components_options": ["abfee987-f00d-435f-ba2b-ffd51e73b717"], "pcb_version": ["d31a8cba-dc2d-48a2-a5e7-048c91b8e8fb"]}}, {"model": "modules.modulebomlistitem", "pk": "11f836ca-358c-4a34-8da5-6186280e8e50", "fields": {"datetime_updated": "2023-08-08T07:32:11.106Z", "description": "LL4148 diodes", "module": "686c6680-cdce-4aec-8dc9-6dcfe80785ee", "type": "97f10c91-6249-4b9b-ac78-2f531479d908", "designators": "", "quantity": 4, "notes": "SOD80 Tayda: A-1213", "components_options": ["d8d42f41-ea84-4805-aa3b-5c0c69c8dfb8"], "pcb_version": ["0b79c035-5128-4ab9-9458-046bd72cf852"]}}, {"model": "modules.modulebomlistitem", "pk": "1c402721-d881-4083-8c55-15fac8fa7f27", "fields": {"datetime_updated": "2023-08-08T06:02:18.506Z", "description": "LL4148 diodes", "module": "b7615951-2a55-456b-8cce-ddba334aa89e", "type": "97f10c91-6249-4b9b-ac78-2f531479d908", "designators": "", "quantity": 16, "notes": "size: SOD-80, mini MELF, LL34, DO-213AA... they are all same", "components_options": ["3b9a05d4-5364-4896-bda8-75a5d055be17"], "pcb_version": ["036735bd-db4f-4deb-8449-988056bcbc1c"]}}, {"model": "modules.modulebomlistitem", "pk": "1c481633-84c8-4b68-a096-56398c6de9b1", "fields": {"datetime_updated": "2023-08-08T07:02:33.969Z", "description": "1k", "module": "686c6680-cdce-4aec-8dc9-6dcfe80785ee", "type": "06b913cc-3ecd-4b47-baf7-676d8fcc78bf", "designators": "102", "quantity": 1, "notes": "0805 marked ‘102’", "components_options": ["abfee987-f00d-435f-ba2b-ffd51e73b717"], "pcb_version": ["0b79c035-5128-4ab9-9458-046bd72cf852"]}}, {"model": "modules.modulebomlistitem", "pk": "1dfa2308-0547-4639-9ec4-94e3ee0b8dc2", "fields": {"datetime_updated": "2023-07-27T16:12:58.849Z", "description": "10 Pin 2.54mm Single Row Female Pin Header", "module": "a7439a7c-3862-429e-83c0-f0c06f3bc1a9", "type": "26d1eb76-386b-4933-9a61-c9339bc6558a", "designators": "", "quantity": 3, "notes": "Tayda: A-1306", "components_options": ["c637afc7-2458-429f-ad80-f18dbb8e7fd7"], "pcb_version": ["ed314ca9-65a9-406a-a724-bca0673fd7dd"]}}, {"model": "modules.modulebomlistitem", "pk": "27134d46-e162-4e9e-8a22-f85de664984a", "fields": {"datetime_updated": "2023-07-27T16:12:51.991Z", "description": "TL072 or TL082", "module": "a7439a7c-3862-429e-83c0-f0c06f3bc1a9", "type": "fca2b899-4400-4e5e-a2b1-70116e2919b6", "designators": "U2, U5", "quantity": 2, "notes": "SOIC Tayda: A-1136", "components_options": ["3367d260-14c2-4cdf-9b80-0ba3cc9f71dd", "09f36cb5-f83f-4155-8fd0-de5da26a47f0"], "pcb_version": ["ed314ca9-65a9-406a-a724-bca0673fd7dd"]}}, {"model": "modules.modulebomlistitem", "pk": "2e224975-a791-4189-b9b3-5c4c99356348", "fields": {"datetime_updated": "2023-08-06T16:37:43.534Z", "description": "100k", "module": "cc8209b3-6bab-4f53-94ea-dd4d6541a018", "type": "06b913cc-3ecd-4b47-baf7-676d8fcc78bf", "designators": "", "quantity": 8, "notes": "0805", "components_options": ["0593ea83-1180-4741-b954-227115feac11"], "pcb_version": ["918a59e0-55ee-4f95-b7de-a6028f352faa"]}}, {"model": "modules.modulebomlistitem", "pk": "3026ea69-cb8d-4883-8c2f-949147586945", "fields": {"datetime_updated": "2023-08-08T05:58:26.505Z", "description": "100k", "module": "b7615951-2a55-456b-8cce-ddba334aa89e", "type": "06b913cc-3ecd-4b47-baf7-676d8fcc78bf", "designators": "", "quantity": 60, "notes": "0805", "components_options": ["0593ea83-1180-4741-b954-227115feac11"], "pcb_version": ["036735bd-db4f-4deb-8449-988056bcbc1c"]}}, {"model": "modules.modulebomlistitem", "pk": "31936716-b168-4d52-a503-49babebb42e5", "fields": {"datetime_updated": "2023-08-06T06:51:32.753Z", "description": "1µF", "module": "a7439a7c-3862-429e-83c0-f0c06f3bc1a9", "type": "c7092b42-bd52-4ee5-b539-fbf0dfdd78e9", "designators": "", "quantity": 9, "notes": "0805", "components_options": ["746cbc1c-e850-4232-87b1-dff12bd89d88"], "pcb_version": ["d31a8cba-dc2d-48a2-a5e7-048c91b8e8fb"]}}, {"model": "modules.modulebomlistitem", "pk": "3957d68f-e0af-4818-93f6-241a3175c993", "fields": {"datetime_updated": "2023-07-27T16:12:46.761Z", "description": "1M", "module": "a7439a7c-3862-429e-83c0-f0c06f3bc1a9", "type": "06b913cc-3ecd-4b47-baf7-676d8fcc78bf", "designators": "R13, R14, R16, R30", "quantity": 4, "notes": "0805", "components_options": ["769bc5eb-38a8-4d0f-ae04-43b20bc71258"], "pcb_version": ["ed314ca9-65a9-406a-a724-bca0673fd7dd"]}}, {"model": "modules.modulebomlistitem", "pk": "3d9c757f-7f77-486d-af7f-fe0ebf0a01dd", "fields": {"datetime_updated": "2023-08-08T05:42:21.526Z", "description": "1k", "module": "b7615951-2a55-456b-8cce-ddba334aa89e", "type": "06b913cc-3ecd-4b47-baf7-676d8fcc78bf", "designators": "", "quantity": 16, "notes": "0805", "components_options": ["abfee987-f00d-435f-ba2b-ffd51e73b717"], "pcb_version": ["036735bd-db4f-4deb-8449-988056bcbc1c"]}}, {"model": "modules.modulebomlistitem", "pk": "3fc17dd7-49f7-49f1-99f3-668b0ee22e6b", "fields": {"datetime_updated": "2023-08-06T07:24:35.047Z", "description": "470K", "module": "a7439a7c-3862-429e-83c0-f0c06f3bc1a9", "type": "06b913cc-3ecd-4b47-baf7-676d8fcc78bf", "designators": "", "quantity": 2, "notes": "0805", "components_options": ["b7fb046a-ba49-45ff-b2b6-f504dbe1475e"], "pcb_version": ["d31a8cba-dc2d-48a2-a5e7-048c91b8e8fb"]}}, {"model": "modules.modulebomlistitem", "pk": "42c6aec2-d151-4941-9657-72c8781ea2c5", "fields": {"datetime_updated": "2023-08-06T07:23:50.425Z", "description": "220K", "module": "a7439a7c-3862-429e-83c0-f0c06f3bc1a9", "type": "06b913cc-3ecd-4b47-baf7-676d8fcc78bf", "designators": "", "quantity": 1, "notes": "0805", "components_options": ["d3146b56-837b-4024-ac1c-cacfb82a29fb"], "pcb_version": ["d31a8cba-dc2d-48a2-a5e7-048c91b8e8fb"]}}, {"model": "modules.modulebomlistitem", "pk": "4730f80c-8eca-43a8-b757-78ddec6a1068", "fields": {"datetime_updated": "2023-07-27T16:12:41.102Z", "description": "4M7", "module": "a7439a7c-3862-429e-83c0-f0c06f3bc1a9", "type": "06b913cc-3ecd-4b47-baf7-676d8fcc78bf", "designators": "R31, R48", "quantity": 2, "notes": "0805", "components_options": ["d624787d-4874-466d-b69f-c152a2291c74"], "pcb_version": ["ed314ca9-65a9-406a-a724-bca0673fd7dd"]}}, {"model": "modules.modulebomlistitem", "pk": "4e1742f7-0623-4731-8aa0-a82867c839cf", "fields": {"datetime_updated": "2023-07-27T16:12:30.422Z", "description": "1k", "module": "a7439a7c-3862-429e-83c0-f0c06f3bc1a9", "type": "06b913cc-3ecd-4b47-baf7-676d8fcc78bf", "designators": "R4, R15, R27, R32, R35, R43, R44", "quantity": 7, "notes": "0805", "components_options": ["abfee987-f00d-435f-ba2b-ffd51e73b717"], "pcb_version": ["ed314ca9-65a9-406a-a724-bca0673fd7dd"]}}, {"model": "modules.modulebomlistitem", "pk": "4eb23bdd-3ba1-4219-8fea-31edcfb32822", "fields": {"datetime_updated": "2023-07-27T16:12:25.325Z", "description": "10k POT", "module": "a7439a7c-3862-429e-83c0-f0c06f3bc1a9", "type": "d7c7f143-dce3-4e51-94f8-384ce2af48b3", "designators": "P2", "quantity": 1, "notes": "Tayda: A-1847", "components_options": ["2f1707b6-cfec-4a56-b6f7-9390e5bbaa57"], "pcb_version": ["ed314ca9-65a9-406a-a724-bca0673fd7dd"]}}, {"model": "modules.modulebomlistitem", "pk": "5597c734-2f5e-4517-babb-6cca08a31b43", "fields": {"datetime_updated": "2023-08-08T07:05:27.975Z", "description": "100k", "module": "686c6680-cdce-4aec-8dc9-6dcfe80785ee", "type": "06b913cc-3ecd-4b47-baf7-676d8fcc78bf", "designators": "", "quantity": 11, "notes": "0805", "components_options": ["0593ea83-1180-4741-b954-227115feac11"], "pcb_version": ["0b79c035-5128-4ab9-9458-046bd72cf852"]}}, {"model": "modules.modulebomlistitem", "pk": "59535806-1549-4354-94aa-a85cebdb3af8", "fields": {"datetime_updated": "2023-08-06T07:02:45.724Z", "description": "10µF", "module": "a7439a7c-3862-429e-83c0-f0c06f3bc1a9", "type": "c7092b42-bd52-4ee5-b539-fbf0dfdd78e9", "designators": "", "quantity": 16, "notes": "0805, min 25V rating", "components_options": ["6c69c361-74ef-42da-8e82-b25a1e625dd1"], "pcb_version": ["d31a8cba-dc2d-48a2-a5e7-048c91b8e8fb"]}}, {"model": "modules.modulebomlistitem", "pk": "5a17cc95-b167-4ed4-b7f6-24691ed724e0", "fields": {"datetime_updated": "2023-08-06T07:22:37.830Z", "description": "100k", "module": "a7439a7c-3862-429e-83c0-f0c06f3bc1a9", "type": "06b913cc-3ecd-4b47-baf7-676d8fcc78bf", "designators": "", "quantity": 14, "notes": "0805", "components_options": ["0593ea83-1180-4741-b954-227115feac11"], "pcb_version": ["d31a8cba-dc2d-48a2-a5e7-048c91b8e8fb"]}}, {"model": "modules.modulebomlistitem", "pk": "63c3b631-6b43-4e76-9a0c-0c37e66c1b35", "fields": {"datetime_updated": "2023-08-06T19:51:00.610Z", "description": "3.5MM SOCKET Kobiconn style", "module": "cc8209b3-6bab-4f53-94ea-dd4d6541a018", "type": "eb3dbc9a-190c-4dd2-b0b3-67f3957625c5", "designators": "", "quantity": 5, "notes": "", "components_options": ["78cbb271-fa4c-4ea8-91ed-318a02f015bd", "ee607b23-3f8e-451a-bf1d-c7520c406a1d"], "pcb_version": ["918a59e0-55ee-4f95-b7de-a6028f352faa"]}}, {"model": "modules.modulebomlistitem", "pk": "66f66ca7-6e24-470d-ba99-32d28217a62c", "fields": {"datetime_updated": "2023-07-27T16:12:20.588Z", "description": "1µF", "module": "a7439a7c-3862-429e-83c0-f0c06f3bc1a9", "type": "c7092b42-bd52-4ee5-b539-fbf0dfdd78e9", "designators": "C1, C2, C3, C9, C10, C11, C17, C18, C19", "quantity": 9, "notes": "", "components_options": ["746cbc1c-e850-4232-87b1-dff12bd89d88"], "pcb_version": ["ed314ca9-65a9-406a-a724-bca0673fd7dd"]}}, {"model": "modules.modulebomlistitem", "pk": "722b28f2-93d9-474b-8507-7a459ebc47de", "fields": {"datetime_updated": "2023-07-27T16:12:15.318Z", "description": "10 Pin 2.54mm Single Row Pin Header Strip", "module": "a7439a7c-3862-429e-83c0-f0c06f3bc1a9", "type": "26d1eb76-386b-4933-9a61-c9339bc6558a", "designators": "", "quantity": 3, "notes": "Tayda: A-197", "components_options": ["0be3fbee-71c2-4ec6-8dce-e097da97270d"], "pcb_version": ["ed314ca9-65a9-406a-a724-bca0673fd7dd"]}}, {"model": "modules.modulebomlistitem", "pk": "82b6e64f-d31b-4924-9185-deef200e7e2d", "fields": {"datetime_updated": "2023-07-27T16:12:10.221Z", "description": "3.5MM SOCKET Kobiconn style", "module": "a7439a7c-3862-429e-83c0-f0c06f3bc1a9", "type": "eb3dbc9a-190c-4dd2-b0b3-67f3957625c5", "designators": "", "quantity": 13, "notes": "Tayda: A-865 (version 5 of the bottom PCB must use Thonkiconns, Tayda: A-2563)", "components_options": [], "pcb_version": ["ed314ca9-65a9-406a-a724-bca0673fd7dd"]}}, {"model": "modules.modulebomlistitem", "pk": "8368f7ac-24c8-4ea0-a8a5-840da8784471", "fields": {"datetime_updated": "2023-07-27T16:12:04.443Z", "description": "-", "module": "a7439a7c-3862-429e-83c0-f0c06f3bc1a9", "type": "49d3ceb8-1edf-4515-b24f-ed5f2158642d", "designators": "C8", "quantity": 1, "notes": "LEAVE EMPTY", "components_options": [], "pcb_version": ["ed314ca9-65a9-406a-a724-bca0673fd7dd"]}}, {"model": "modules.modulebomlistitem", "pk": "84222576-b049-46e2-8946-95c3975bec77", "fields": {"datetime_updated": "2023-07-27T16:11:57.334Z", "description": "10M", "module": "a7439a7c-3862-429e-83c0-f0c06f3bc1a9", "type": "06b913cc-3ecd-4b47-baf7-676d8fcc78bf", "designators": "R1, R2, R3, R22", "quantity": 4, "notes": "0805", "components_options": ["cd245a98-aee4-4c1f-8943-65f1654b7542"], "pcb_version": ["ed314ca9-65a9-406a-a724-bca0673fd7dd"]}}, {"model": "modules.modulebomlistitem", "pk": "857a338e-74e4-4da3-aa3f-36056cf77bdc", "fields": {"datetime_updated": "2023-07-27T16:11:52.299Z", "description": "6M8", "module": "a7439a7c-3862-429e-83c0-f0c06f3bc1a9", "type": "06b913cc-3ecd-4b47-baf7-676d8fcc78bf", "designators": "R21", "quantity": 1, "notes": "0805", "components_options": ["573cc767-74ce-4b13-9faa-632e07582343"], "pcb_version": ["ed314ca9-65a9-406a-a724-bca0673fd7dd"]}}, {"model": "modules.modulebomlistitem", "pk": "866271e2-ed69-44ac-b7da-3a74b8f622c9", "fields": {"datetime_updated": "2023-08-08T07:24:05.707Z", "description": "Schottky diodes", "module": "686c6680-cdce-4aec-8dc9-6dcfe80785ee", "type": "97f10c91-6249-4b9b-ac78-2f531479d908", "designators": "", "quantity": 2, "notes": "I use MBR0540 in a sod-123 package. Any with 30V+ and 0.25A+ ratings will do. dot on PCB indicates CATHODE (stripe on component).", "components_options": ["58c95735-1ce0-4e43-adc1-463b05a7f2f3"], "pcb_version": ["0b79c035-5128-4ab9-9458-046bd72cf852"]}}, {"model": "modules.modulebomlistitem", "pk": "868df456-3790-48e1-b693-2ce8800a9043", "fields": {"datetime_updated": "2023-08-08T07:29:03.271Z", "description": "100k pots", "module": "686c6680-cdce-4aec-8dc9-6dcfe80785ee", "type": "58068c0c-c9de-4ae1-9dae-1afececc5992", "designators": "", "quantity": 4, "notes": "", "components_options": ["42504b35-86f3-4625-89db-70f05f677391", "8c27e23e-e851-41aa-b25f-f3402d007c77"], "pcb_version": ["0b79c035-5128-4ab9-9458-046bd72cf852"]}}, {"model": "modules.modulebomlistitem", "pk": "8739de6a-447c-42b3-9149-50c97a1e4139", "fields": {"datetime_updated": "2023-08-08T06:20:26.172Z", "description": "Eurorack 10 pin power connector", "module": "b7615951-2a55-456b-8cce-ddba334aa89e", "type": "26d1eb76-386b-4933-9a61-c9339bc6558a", "designators": "", "quantity": 1, "notes": "Tayda: A-198", "components_options": ["664e2869-64a7-4cd7-ae10-26cba4814b59"], "pcb_version": ["036735bd-db4f-4deb-8449-988056bcbc1c"]}}, {"model": "modules.modulebomlistitem", "pk": "88704128-251d-4eb2-a561-ae477b6d3050", "fields": {"datetime_updated": "2023-08-06T22:46:47.735Z", "description": "10µF", "module": "a7439a7c-3862-429e-83c0-f0c06f3bc1a9", "type": "c7092b42-bd52-4ee5-b539-fbf0dfdd78e9", "designators": "C4, C5, C6, C7, C12, C13, C14, C15, C16, C20, C21, C22, C23, C24, C25, C26, C27, C28", "quantity": 18, "notes": "0805 25V rating", "components_options": ["6c69c361-74ef-42da-8e82-b25a1e625dd1", "e999282a-b247-4174-9345-987eb7f2889b"], "pcb_version": ["ed314ca9-65a9-406a-a724-bca0673fd7dd"]}}, {"model": "modules.modulebomlistitem", "pk": "89758ff3-cdb7-4182-9030-d564085879c2", "fields": {"datetime_updated": "2023-07-27T16:11:42.050Z", "description": "100k POT", "module": "a7439a7c-3862-429e-83c0-f0c06f3bc1a9", "type": "d7c7f143-dce3-4e51-94f8-384ce2af48b3", "designators": "P1", "quantity": 1, "notes": "Tayda: A-1848", "components_options": ["8c27e23e-e851-41aa-b25f-f3402d007c77"], "pcb_version": ["ed314ca9-65a9-406a-a724-bca0673fd7dd"]}}, {"model": "modules.modulebomlistitem", "pk": "9306136f-26c1-48e3-949c-147bf7f9dae7", "fields": {"datetime_updated": "2023-07-27T16:11:36.504Z", "description": "Bipolar two pin LED", "module": "a7439a7c-3862-429e-83c0-f0c06f3bc1a9", "type": "997b1ca5-8c66-4603-8071-5801fb99ae70", "designators": "", "quantity": 3, "notes": "5mm", "components_options": [], "pcb_version": ["ed314ca9-65a9-406a-a724-bca0673fd7dd"]}}, {"model": "modules.modulebomlistitem", "pk": "93bbfefa-3ff1-427d-a9b6-926f82e68220", "fields": {"datetime_updated": "2023-08-06T22:47:15.556Z", "description": "10µF", "module": "b7615951-2a55-456b-8cce-ddba334aa89e", "type": "c7092b42-bd52-4ee5-b539-fbf0dfdd78e9", "designators": "", "quantity": 3, "notes": "0805 25V rating or higher Mouser No: 81-GRM21BR61E106KA3L (or similar)", "components_options": ["6c69c361-74ef-42da-8e82-b25a1e625dd1", "e999282a-b247-4174-9345-987eb7f2889b"], "pcb_version": ["036735bd-db4f-4deb-8449-988056bcbc1c"]}}, {"model": "modules.modulebomlistitem", "pk": "9493fdfd-a81f-4f1f-926d-f15d2c1a3483", "fields": {"datetime_updated": "2023-07-27T16:11:30.658Z", "description": "100k", "module": "a7439a7c-3862-429e-83c0-f0c06f3bc1a9", "type": "06b913cc-3ecd-4b47-baf7-676d8fcc78bf", "designators": "R17, R24, R25, R26, R28, R29, R38, R39, R40, R41, R42, R45, R6, R20", "quantity": 14, "notes": "", "components_options": ["0593ea83-1180-4741-b954-227115feac11"], "pcb_version": ["ed314ca9-65a9-406a-a724-bca0673fd7dd"]}}, {"model": "modules.modulebomlistitem", "pk": "95357128-444b-4629-abf5-194e83f11487", "fields": {"datetime_updated": "2023-08-08T07:19:06.816Z", "description": "Eurorack 10 pin power connector", "module": "686c6680-cdce-4aec-8dc9-6dcfe80785ee", "type": "26d1eb76-386b-4933-9a61-c9339bc6558a", "designators": "", "quantity": 1, "notes": "Tayda: A-198 cut to size", "components_options": ["664e2869-64a7-4cd7-ae10-26cba4814b59"], "pcb_version": ["0b79c035-5128-4ab9-9458-046bd72cf852"]}}, {"model": "modules.modulebomlistitem", "pk": "995a5ea9-51cd-4822-ad3d-489cdb894652", "fields": {"datetime_updated": "2023-08-08T05:57:14.865Z", "description": "10k", "module": "b7615951-2a55-456b-8cce-ddba334aa89e", "type": "06b913cc-3ecd-4b47-baf7-676d8fcc78bf", "designators": "", "quantity": 16, "notes": "0805 see notes #3", "components_options": ["5ccb5c5d-d668-43c5-b8c4-cd938607522d"], "pcb_version": ["036735bd-db4f-4deb-8449-988056bcbc1c"]}}, {"model": "modules.modulebomlistitem", "pk": "995ffb96-aa5e-43f5-ac85-915306bff7bd", "fields": {"datetime_updated": "2023-08-06T18:52:52.159Z", "description": "Eurorack 10 pin power connector", "module": "cc8209b3-6bab-4f53-94ea-dd4d6541a018", "type": "3ae5bede-2caf-4149-b44a-782e0a1f4943", "designators": "", "quantity": 1, "notes": "Tayda: A-198 cut to\r\nsize", "components_options": ["664e2869-64a7-4cd7-ae10-26cba4814b59"], "pcb_version": ["918a59e0-55ee-4f95-b7de-a6028f352faa"]}}, {"model": "modules.modulebomlistitem", "pk": "9a128783-8762-46d3-bb7c-032d4b47165f", "fields": {"datetime_updated": "2023-07-27T16:11:25.868Z", "description": "LL4148", "module": "a7439a7c-3862-429e-83c0-f0c06f3bc1a9", "type": "97f10c91-6249-4b9b-ac78-2f531479d908", "designators": "D1, D2", "quantity": 2, "notes": "SOD-80", "components_options": ["3b9a05d4-5364-4896-bda8-75a5d055be17"], "pcb_version": ["ed314ca9-65a9-406a-a724-bca0673fd7dd"]}}, {"model": "modules.modulebomlistitem", "pk": "9fbc80c9-695d-43d8-a9f6-b89dbfd5b293", "fields": {"datetime_updated": "2023-07-27T16:11:20.401Z", "description": "TL074 or TL084", "module": "a7439a7c-3862-429e-83c0-f0c06f3bc1a9", "type": "fca2b899-4400-4e5e-a2b1-70116e2919b6", "designators": "U1, U3, U4", "quantity": 3, "notes": "SOIC Tayda: A-1137", "components_options": ["690737c9-0bc1-4faf-a4f1-6e3203beb359", "99b126e0-af3b-4bb2-b16d-05e44d7212e3"], "pcb_version": ["ed314ca9-65a9-406a-a724-bca0673fd7dd"]}}, {"model": "modules.modulebomlistitem", "pk": "ae5fc707-06f1-4dd7-ae5a-1bdde166e883", "fields": {"datetime_updated": "2023-08-06T22:46:56.119Z", "description": "10µF", "module": "cc8209b3-6bab-4f53-94ea-dd4d6541a018", "type": "c7092b42-bd52-4ee5-b539-fbf0dfdd78e9", "designators": "", "quantity": 2, "notes": "0805, 25V rating or\r\nhigher", "components_options": ["6c69c361-74ef-42da-8e82-b25a1e625dd1", "e999282a-b247-4174-9345-987eb7f2889b"], "pcb_version": ["918a59e0-55ee-4f95-b7de-a6028f352faa"]}}, {"model": "modules.modulebomlistitem", "pk": "b0083bd9-a9e5-4273-ac76-8458293f4d79", "fields": {"datetime_updated": "2023-08-06T19:52:38.192Z", "description": "100k (B) pot", "module": "cc8209b3-6bab-4f53-94ea-dd4d6541a018", "type": "58068c0c-c9de-4ae1-9dae-1afececc5992", "designators": "", "quantity": 4, "notes": "Tayda: A-1848 tho better to find ones with knurled shafts that can fit small knobs. The pots are very close together.", "components_options": ["8c27e23e-e851-41aa-b25f-f3402d007c77"], "pcb_version": ["918a59e0-55ee-4f95-b7de-a6028f352faa"]}}, {"model": "modules.modulebomlistitem", "pk": "bd748b96-41ad-4870-a26d-a1e1b08a724e", "fields": {"datetime_updated": "2023-08-08T07:03:52.149Z", "description": "10k", "module": "686c6680-cdce-4aec-8dc9-6dcfe80785ee", "type": "06b913cc-3ecd-4b47-baf7-676d8fcc78bf", "designators": "103 or 1002", "quantity": 1, "notes": "0805 marked ‘103’ or ‘1002’", "components_options": ["5ccb5c5d-d668-43c5-b8c4-cd938607522d"], "pcb_version": ["0b79c035-5128-4ab9-9458-046bd72cf852"]}}, {"model": "modules.modulebomlistitem", "pk": "bfaf009c-6e1a-4bc7-8729-01d6f0f306fd", "fields": {"datetime_updated": "2023-07-27T16:02:12.779Z", "description": "68M", "module": "a7439a7c-3862-429e-83c0-f0c06f3bc1a9", "type": "06b913cc-3ecd-4b47-baf7-676d8fcc78bf", "designators": "R8", "quantity": 0, "notes": "0805", "components_options": ["640b2461-389e-416d-8aaf-fa71c92d42ae"], "pcb_version": ["ed314ca9-65a9-406a-a724-bca0673fd7dd"]}}, {"model": "modules.modulebomlistitem", "pk": "c6d973e7-3b60-4225-aebd-b2b552a1a03f", "fields": {"datetime_updated": "2023-08-08T06:32:44.962Z", "description": "3.5MM SOCKET Kobiconn style", "module": "b7615951-2a55-456b-8cce-ddba334aa89e", "type": "eb3dbc9a-190c-4dd2-b0b3-67f3957625c5", "designators": "", "quantity": 20, "notes": "Tayda: A-865 or preferably get Thonkiconn Jacks (PJ301M-12) from Thonk or Modular Addict", "components_options": ["78cbb271-fa4c-4ea8-91ed-318a02f015bd", "ee607b23-3f8e-451a-bf1d-c7520c406a1d"], "pcb_version": ["036735bd-db4f-4deb-8449-988056bcbc1c"]}}, {"model": "modules.modulebomlistitem", "pk": "d7ad5b6f-0eb7-47fb-a358-77023445f8d0", "fields": {"datetime_updated": "2023-08-06T19:38:32.007Z", "description": "Schottky, power rectifier or 10R", "module": "cc8209b3-6bab-4f53-94ea-dd4d6541a018", "type": "97f10c91-6249-4b9b-ac78-2f531479d908", "designators": "", "quantity": 2, "notes": "SMD pads suit sod-123- 2 or similar. Schottky diode. Dot on PCB indicates CATHODE (stripe on component) Or use a resettable fuse or just a 10R 0805. Some Schottky diodes at Mouser: PMEG2005EGWX SCHOTTKY RECT, AEC-Q101, 20V, SOD-123-2, PMEG2005EH DIODE, SCHOTTKY, 0.5A, 20V", "components_options": ["2e8790e6-d7c2-4d68-8c9b-7d692cff591b", "49e5488b-1a11-4a2d-a496-b63db483dbac"], "pcb_version": ["918a59e0-55ee-4f95-b7de-a6028f352faa"]}}, {"model": "modules.modulebomlistitem", "pk": "d8b09319-e62b-4cb5-9611-3336ec98e7d0", "fields": {"datetime_updated": "2023-08-08T06:19:23.351Z", "description": "3mm LED", "module": "b7615951-2a55-456b-8cce-ddba334aa89e", "type": "997b1ca5-8c66-4603-8071-5801fb99ae70", "designators": "", "quantity": 16, "notes": "The resistors marked 10k are for driving the LEDs. You can adjust these to a higher value if your LEDs are too bright, but do not go lower than 10k. If your LEDs are not bright enough, get different 3mm LEDs.", "components_options": ["b411bb82-7508-4f76-8d45-1a855102eaa6"], "pcb_version": ["036735bd-db4f-4deb-8449-988056bcbc1c"]}}, {"model": "modules.modulebomlistitem", "pk": "db7c4e52-b60e-468f-a419-2fa4a96e9627", "fields": {"datetime_updated": "2023-08-08T07:13:32.249Z", "description": "TL072 / TL082 / LF353", "module": "686c6680-cdce-4aec-8dc9-6dcfe80785ee", "type": "47db9d7d-7c74-4eb7-a50d-dd30b37aadf1", "designators": "", "quantity": 1, "notes": "soic Tayda: A-1136, A-1139", "components_options": ["09f36cb5-f83f-4155-8fd0-de5da26a47f0", "3367d260-14c2-4cdf-9b80-0ba3cc9f71dd", "c5dbf5f4-b128-4620-8e4a-e3e2e764d2be"], "pcb_version": ["0b79c035-5128-4ab9-9458-046bd72cf852"]}}, {"model": "modules.modulebomlistitem", "pk": "de6e2a6a-4d56-4e3e-9cfa-95688d907686", "fields": {"datetime_updated": "2023-08-08T06:10:04.729Z", "description": "TL072 or TL082", "module": "b7615951-2a55-456b-8cce-ddba334aa89e", "type": "fca2b899-4400-4e5e-a2b1-70116e2919b6", "designators": "", "quantity": 4, "notes": "SOIC Tayda: A-1136", "components_options": ["3367d260-14c2-4cdf-9b80-0ba3cc9f71dd", "09f36cb5-f83f-4155-8fd0-de5da26a47f0"], "pcb_version": ["036735bd-db4f-4deb-8449-988056bcbc1c"]}}, {"model": "modules.modulebomlistitem", "pk": "dfc8265e-25c7-45a1-ad36-259985b85c13", "fields": {"datetime_updated": "2023-08-06T16:37:10.867Z", "description": "1k", "module": "cc8209b3-6bab-4f53-94ea-dd4d6541a018", "type": "06b913cc-3ecd-4b47-baf7-676d8fcc78bf", "designators": "", "quantity": 1, "notes": "0805", "components_options": ["abfee987-f00d-435f-ba2b-ffd51e73b717"], "pcb_version": ["918a59e0-55ee-4f95-b7de-a6028f352faa"]}}, {"model": "modules.modulebomlistitem", "pk": "e0cfc629-4dc9-4b07-8aaa-3f7851c93a5b", "fields": {"datetime_updated": "2023-08-06T07:15:52.692Z", "description": "4k7 / RL", "module": "a7439a7c-3862-429e-83c0-f0c06f3bc1a9", "type": "06b913cc-3ecd-4b47-baf7-676d8fcc78bf", "designators": "", "quantity": 11, "notes": "0805, RL sets the LED brightness, 4k7 is good for red/blue. For\r\nred/green or yellow, maybe 2k2 or even 1k.", "components_options": ["d624787d-4874-466d-b69f-c152a2291c74"], "pcb_version": ["d31a8cba-dc2d-48a2-a5e7-048c91b8e8fb"]}}, {"model": "modules.modulebomlistitem", "pk": "e421ab7d-3822-4475-a522-bb1673102556", "fields": {"datetime_updated": "2023-07-27T16:02:06.210Z", "description": "4k7", "module": "a7439a7c-3862-429e-83c0-f0c06f3bc1a9", "type": "06b913cc-3ecd-4b47-baf7-676d8fcc78bf", "designators": "R5, R11, R37, R46, R18, R19 R36, R47", "quantity": 8, "notes": "", "components_options": ["45cb4bf7-70ba-4367-bfd5-764077f27515"], "pcb_version": ["ed314ca9-65a9-406a-a724-bca0673fd7dd"]}}, {"model": "modules.modulebomlistitem", "pk": "e856997a-bed9-4457-b8b5-dedc190157e2", "fields": {"datetime_updated": "2023-08-08T07:25:36.651Z", "description": "3.5MM SOCKET Kobiconn style", "module": "686c6680-cdce-4aec-8dc9-6dcfe80785ee", "type": "eb3dbc9a-190c-4dd2-b0b3-67f3957625c5", "designators": "", "quantity": 3, "notes": "Tayda: A-865 or Thonkiconn Jacks (PJ301M-12) from Thonk, Synthcube or Modular Addict", "components_options": ["ee607b23-3f8e-451a-bf1d-c7520c406a1d", "78cbb271-fa4c-4ea8-91ed-318a02f015bd"], "pcb_version": ["0b79c035-5128-4ab9-9458-046bd72cf852"]}}, {"model": "modules.modulebomlistitem", "pk": "ecd57c93-eb32-4a0d-928e-ced6505f967b", "fields": {"datetime_updated": "2023-07-27T15:47:27.398Z", "description": "S1JL or similar", "module": "a7439a7c-3862-429e-83c0-f0c06f3bc1a9", "type": "97f10c91-6249-4b9b-ac78-2f531479d908", "designators": "", "quantity": 2, "notes": "Optional - for reverse voltage protection; SMD, standard power diode 600V 1A,\r\ndot on PCB indicates cathode (stripe)", "components_options": ["3dc96eca-37f0-4c18-b472-4f5122ba1a17"], "pcb_version": ["ed314ca9-65a9-406a-a724-bca0673fd7dd"]}}, {"model": "modules.modulebomlistitem", "pk": "eef27d64-33c0-4868-947a-50710e49df3c", "fields": {"datetime_updated": "2023-07-27T15:47:21.410Z", "description": "100M", "module": "a7439a7c-3862-429e-83c0-f0c06f3bc1a9", "type": "06b913cc-3ecd-4b47-baf7-676d8fcc78bf", "designators": "R9", "quantity": 1, "notes": "0805", "components_options": ["eff18e51-c211-4f56-a66a-28c3e4ee902f"], "pcb_version": ["ed314ca9-65a9-406a-a724-bca0673fd7dd"]}}, {"model": "modules.modulebomlistitem", "pk": "effe7490-6d7f-4655-9a27-7a0dc0c7c38e", "fields": {"datetime_updated": "2023-08-08T06:30:30.996Z", "description": "1N400x or S1JL or similar, optional - for reverse voltage protection", "module": "b7615951-2a55-456b-8cce-ddba334aa89e", "type": "97f10c91-6249-4b9b-ac78-2f531479d908", "designators": "", "quantity": 2, "notes": "S1JL Power diodes are for Reverse voltage protection - Mouser Part No: 821-S1JL. Any similar rectifier with at least 1A rating should be okay, such as 1N4001, 1N4002, 1N4004. Get these sizes; SOD-123 or sub-SMA (DO214 is a bit too big, so avoid)", "components_options": ["3dc96eca-37f0-4c18-b472-4f5122ba1a17", "816c34eb-5ad7-4ff7-8556-56040225d25d"], "pcb_version": ["036735bd-db4f-4deb-8449-988056bcbc1c"]}}, {"model": "modules.modulebomlistitem", "pk": "f0dc6762-0df2-45f7-ab09-b0e6bfe5288a", "fields": {"datetime_updated": "2023-08-06T07:25:42.503Z", "description": "1M", "module": "a7439a7c-3862-429e-83c0-f0c06f3bc1a9", "type": "06b913cc-3ecd-4b47-baf7-676d8fcc78bf", "designators": "", "quantity": 4, "notes": "0805", "components_options": ["769bc5eb-38a8-4d0f-ae04-43b20bc71258"], "pcb_version": ["d31a8cba-dc2d-48a2-a5e7-048c91b8e8fb"]}}, {"model": "modules.modulebomlistitem", "pk": "fdbd03f3-cc47-4679-b287-19742e9df21f", "fields": {"datetime_updated": "2023-07-31T22:29:43.164Z", "description": "470Ω", "module": "a7439a7c-3862-429e-83c0-f0c06f3bc1a9", "type": "06b913cc-3ecd-4b47-baf7-676d8fcc78bf", "designators": "R10 (RL), R23 (RL), R33 (RL)", "quantity": 3, "notes": "0805 adjust to suit LED brightness", "components_options": ["1b661c9f-4c28-434b-9875-8a0e61541062"], "pcb_version": ["d31a8cba-dc2d-48a2-a5e7-048c91b8e8fb"]}}, {"model": "modules.modulebomlistitem", "pk": "ffac3bf1-d405-44a6-8b91-5974a0a39031", "fields": {"datetime_updated": "2023-08-06T17:21:34.954Z", "description": "TL072 or TL082", "module": "cc8209b3-6bab-4f53-94ea-dd4d6541a018", "type": "fca2b899-4400-4e5e-a2b1-70116e2919b6", "designators": "", "quantity": 1, "notes": "Soic Tayda: A-1139", "components_options": ["3367d260-14c2-4cdf-9b80-0ba3cc9f71dd", "09f36cb5-f83f-4155-8fd0-de5da26a47f0"], "pcb_version": ["918a59e0-55ee-4f95-b7de-a6028f352faa"]}}, {"model": "modules.module", "pk": "686c6680-cdce-4aec-8dc9-6dcfe80785ee", "fields": {"datetime_updated": "2023-08-08T06:51:02.936Z", "name": "Ming Rod", "manufacturer": "9f956ea1-4556-40a3-96ee-06e088aacd76", "version": "1", "description": "For synthesizer enthusiasts interested in experimental sound, Tom Oberheim's unique \"Ring Modulator\" design offers adjustable pots for phase difference and input attenuation, despite potential flaws that might require careful tuning. This approach adds special character and appeal but has remained uncreated due to its complexity.\r\n\r\nThe concept originated in Oberheim's 1970 paper, where he detailed how transformers in traditional diode ring modulators can be replaced with transistors. Though more efficient alternatives are available, this design presents an intriguing option for those willing to explore unconventional sound techniques.", "image": "module_imgs/module_imgs/Ming_Rod.webp", "image_jpeg": "module_imgs_jpeg/module_imgs/Ming_Rod.jpg", "manufacturer_page_link": "https://www.nonlinearcircuits.com/modules/p/mingrod", "bom_link": "https://static1.squarespace.com/static/5e6e99e8bd2f8a6de8454feb/t/6229ade16db35a6fb4f38346/1646898677112/Ming+Rod+Build+and+BOM.pdf", "manual_link": "", "modulargrid_link": "https://www.modulargrid.net/e/nonlinearcircuits-ming-rod", "mounting_style": "smt", "discontinued": false, "slug": "ming-rod-nonlinearcircuits-1", "allow_comments": true}}, {"model": "modules.module", "pk": "a7439a7c-3862-429e-83c0-f0c06f3bc1a9", "fields": {"datetime_updated": "2023-07-13T03:22:40.385Z", "name": "Triple Sloth", "manufacturer": "9f956ea1-4556-40a3-96ee-06e088aacd76", "version": "2", "description": "This module is a unique ensemble of three Sloth chaos circuits, each operating at distinct rates: Torpor travels around strange attractors in 15-30 seconds, Apathy in 60-90 seconds, and Inertia, going rogue without controls, in 30-40 minutes. Apathy and Torpor have adjustable pots, not for frequencies, but for influencing the duration signals stay around different strange attractors, and they have CV inputs which can add a twist of predictability or voltage jumps to the chaos. Finally, each Sloth provides X, Y, and Z outputs from different circuit stages, with the Z outputs also feeding into a Difference Rectifier, which creates additional outputs based on the sum of voltage values from each circuit.", "image": "module_imgs/module_imgs/triple_sloth_dZ2RlV4.webp", "image_jpeg": "module_imgs_jpeg/module_imgs/triple_sloth_dZ2RlV4.jpg", "manufacturer_page_link": "https://www.nonlinearcircuits.com/modules/p/triple-sloth", "bom_link": "https://static1.squarespace.com/static/5e6e99e8bd2f8a6de8454feb/t/62e73c4a3ba1a46b58402a4b/1659321423485/8HP+Sloth+build+and+BOM+%28new%29.pdf", "manual_link": "", "modulargrid_link": "https://www.modulargrid.net/e/nonlinearcircuits-triple-sloths-v2", "mounting_style": "th", "discontinued": false, "slug": "triple-sloth-nonlinearcircuits-2", "allow_comments": true}}, {"model": "modules.module", "pk": "b7615951-2a55-456b-8cce-ddba334aa89e", "fields": {"datetime_updated": "2023-08-06T22:22:37.415Z", "name": "Let's Splosh", "manufacturer": "9f956ea1-4556-40a3-96ee-06e088aacd76", "version": "1", "description": "Eight rectifiers that handle four input signals. It can manage both audio and CV simultaneously. With its 16 outputs, it remixes and reshapes the four inputs, delivering 16 varied signals. Essentially, it jumbles the input signals, spreading them across your setup.", "image": "module_imgs/module_imgs/splosh.webp", "image_jpeg": "module_imgs_jpeg/module_imgs/splosh.jpg", "manufacturer_page_link": "https://www.nonlinearcircuits.com/modules/p/lets-splosh", "bom_link": "https://static1.squarespace.com/static/5e6e99e8bd2f8a6de8454feb/t/5e77de1b46fbdd70dc60890a/1584913949051/splosh_build_and_bom.pdf", "manual_link": "", "modulargrid_link": "https://www.modulargrid.net/e/nonlinearcircuits-let-s-splosh", "mounting_style": "smt", "discontinued": false, "slug": "lets-splosh-nonlinearcircuits-1", "allow_comments": true}}, {"model": "modules.module", "pk": "cc8209b3-6bab-4f53-94ea-dd4d6541a018", "fields": {"datetime_updated": "2023-08-06T07:31:30.861Z", "name": "4hp Mix", "manufacturer": "9f956ea1-4556-40a3-96ee-06e088aacd76", "version": "1", "description": "The simplest Nonlinearcircuits module and a great module for people new to SMD soldering to start with. There are 4 potentiometers. The 4th pot applies an offset when nothing is patched in.", "image": "module_imgs/module_imgs/4hp_mix.webp", "image_jpeg": "module_imgs_jpeg/module_imgs/4hp_mix.jpg", "manufacturer_page_link": "https://www.nonlinearcircuits.com/modules/p/4hp-mix", "bom_link": "https://static1.squarespace.com/static/5e6e99e8bd2f8a6de8454feb/t/5e779c4b56e8367abbaec276/1584897100579/4hp_mix_build_and_bom.pdf", "manual_link": "", "modulargrid_link": "https://www.modulargrid.net/e/nonlinearcircuits-4hp-mix", "mounting_style": "smt", "discontinued": false, "slug": "4hp-mix-nonlinearcircuits-1", "allow_comments": true}}, {"model": "modules.wanttobuildmodules", "pk": "07aa6f89-fb60-4e52-9bb8-9ae027b914a2", "fields": {"datetime_updated": "2024-07-20T05:04:03.850Z", "user": 1, "module": "686c6680-cdce-4aec-8dc9-6dcfe80785ee"}}, {"model": "modules.wanttobuildmodules", "pk": "290ea8d4-f715-4218-9424-5294cdf131a2", "fields": {"datetime_updated": "2024-07-20T04:50:09.401Z", "user": 1, "module": "cc8209b3-6bab-4f53-94ea-dd4d6541a018"}}, {"model": "modules.wanttobuildmodules", "pk": "5f52920c-3e3e-45e6-9b84-fe3899ac6b7d", "fields": {"datetime_updated": "2024-07-20T05:04:01.830Z", "user": 1, "module": "b7615951-2a55-456b-8cce-ddba334aa89e"}}, {"model": "modules.wanttobuildmodules", "pk": "83e8a7eb-24a3-4fbc-8273-c79922253a43", "fields": {"datetime_updated": "2024-07-20T05:04:06.353Z", "user": 1, "module": "a7439a7c-3862-429e-83c0-f0c06f3bc1a9"}}, {"model": "modules.wanttobuildmodules", "pk": "ad591881-a899-49fb-a9f4-d92fbe62ad76", "fields": {"datetime_updated": "2024-07-18T17:09:27.708Z", "user": 6, "module": "cc8209b3-6bab-4f53-94ea-dd4d6541a018"}}, {"model": "modules.builtmodules", "pk": "544ddc44-775f-4c62-bd44-95c0d903fb6f", "fields": {"datetime_updated": "2024-07-21T02:16:48.862Z", "user": 1, "module": "686c6680-cdce-4aec-8dc9-6dcfe80785ee"}}, {"model": "modules.builtmodules", "pk": "d64aea9d-6a94-4d39-82a2-3a326a42d890", "fields": {"datetime_updated": "2024-07-04T16:32:33.177Z", "user": 10, "module": "cc8209b3-6bab-4f53-94ea-dd4d6541a018"}}, {"model": "modules.modulebomlistcomponentforitemrating", "pk": "364d3823-e040-4c65-b360-82ab8ed60cba", "fields": {"datetime_updated": "2024-07-10T18:28:29.902Z", "module_bom_list_item": "2e224975-a791-4189-b9b3-5c4c99356348", "component": "0593ea83-1180-4741-b954-227115feac11", "user": 8, "rating": 1}}, {"model": "modules.modulebomlistcomponentforitemrating", "pk": "3b7591ce-d0fd-4fc2-a5a6-148eead2437e", "fields": {"datetime_updated": "2024-07-21T02:16:53.920Z", "module_bom_list_item": "0838ae9b-8929-41be-a7d1-582cca3a7586", "component": "6c69c361-74ef-42da-8e82-b25a1e625dd1", "user": 1, "rating": 5}}, {"model": "modules.modulebomlistcomponentforitemrating", "pk": "3bd869a7-4c51-48a5-8975-4f5df53116cd", "fields": {"datetime_updated": "2024-07-21T02:16:58.719Z", "module_bom_list_item": "0838ae9b-8929-41be-a7d1-582cca3a7586", "component": "7996eee7-e522-40c5-ac52-c647e58df483", "user": 1, "rating": 3}}, {"model": "modules.modulebomlistcomponentforitemrating", "pk": "41ab99ba-ea2c-4bbd-a821-b4f7d7438a90", "fields": {"datetime_updated": "2024-07-10T18:50:05.005Z", "module_bom_list_item": "2e224975-a791-4189-b9b3-5c4c99356348", "component": "0593ea83-1180-4741-b954-227115feac11", "user": 1, "rating": 4}}, {"model": "modules.modulebomlistcomponentforitemrating", "pk": "4e32e85f-6cd7-452d-bc31-486e1397ea6b", "fields": {"datetime_updated": "2024-07-10T18:26:14.629Z", "module_bom_list_item": "2e224975-a791-4189-b9b3-5c4c99356348", "component": "0593ea83-1180-4741-b954-227115feac11", "user": 10, "rating": 2}}, {"model": "modules.modulebomlistcomponentforitemrating", "pk": "a36582c7-f88b-4db3-8d1d-6d45c593b685", "fields": {"datetime_updated": "2024-07-17T06:37:05.306Z", "module_bom_list_item": "ae5fc707-06f1-4dd7-ae5a-1bdde166e883", "component": "e999282a-b247-4174-9345-987eb7f2889b", "user": 1, "rating": 4}}, {"model": "modules.modulebomlistcomponentforitemrating", "pk": "a8e248f2-6987-444a-a167-97d0b0758695", "fields": {"datetime_updated": "2024-07-17T06:26:06.250Z", "module_bom_list_item": "d7ad5b6f-0eb7-47fb-a358-77023445f8d0", "component": "49e5488b-1a11-4a2d-a496-b63db483dbac", "user": 1, "rating": 2}}, {"model": "modules.modulebomlistcomponentforitemrating", "pk": "acdad221-8dc9-456a-abe3-9dc53e60f831", "fields": {"datetime_updated": "2024-07-17T06:36:51.237Z", "module_bom_list_item": "ae5fc707-06f1-4dd7-ae5a-1bdde166e883", "component": "6c69c361-74ef-42da-8e82-b25a1e625dd1", "user": 1, "rating": 3}}, {"model": "modules.modulebomlistcomponentforitemrating", "pk": "fe438840-ff77-4007-8430-6714fbaef68a", "fields": {"datetime_updated": "2024-07-21T02:17:02.672Z", "module_bom_list_item": "0838ae9b-8929-41be-a7d1-582cca3a7586", "component": "b07286d4-0aa4-4eea-9c41-6b6ec4db106b", "user": 1, "rating": 5}}, {"model": "components.types", "pk": "0653b632-7efe-46aa-a135-4058fa7d3e9e", "fields": {"datetime_updated": "2023-07-13T07:55:01.111Z", "name": "Photoresistor (LDR)", "order": 8, "notes": ""}}, {"model": "components.types", "pk": "06b913cc-3ecd-4b47-baf7-676d8fcc78bf", "fields": {"datetime_updated": "2023-07-13T07:23:50.259Z", "name": "Resistor", "order": 1, "notes": ""}}, {"model": "components.types", "pk": "26d1eb76-386b-4933-9a61-c9339bc6558a", "fields": {"datetime_updated": "2023-07-13T07:54:34.478Z", "name": "Pin Header Strip", "order": 6, "notes": ""}}, {"model": "components.types", "pk": "3ae5bede-2caf-4149-b44a-782e0a1f4943", "fields": {"datetime_updated": "2023-07-13T07:53:29.888Z", "name": "Power Connector", "order": 5, "notes": ""}}, {"model": "components.types", "pk": "47db9d7d-7c74-4eb7-a50d-dd30b37aadf1", "fields": {"datetime_updated": "2023-08-08T07:09:19.151Z", "name": "Op Amps", "order": 19, "notes": ""}}, {"model": "components.types", "pk": "49d3ceb8-1edf-4515-b24f-ed5f2158642d", "fields": {"datetime_updated": "2023-07-13T07:53:59.955Z", "name": "empty", "order": 14, "notes": ""}}, {"model": "components.types", "pk": "58068c0c-c9de-4ae1-9dae-1afececc5992", "fields": {"datetime_updated": "2023-07-13T07:55:36.429Z", "name": "Trimpot", "order": 11, "notes": ""}}, {"model": "components.types", "pk": "5a16a128-e92c-452a-a516-68c9f88c9723", "fields": {"datetime_updated": "2023-07-13T07:53:18.177Z", "name": "Transistor", "order": 4, "notes": ""}}, {"model": "components.types", "pk": "68372fe3-21b8-4f7e-89b4-81e81869899f", "fields": {"datetime_updated": "2023-07-13T07:55:49.151Z", "name": "Knob", "order": 12, "notes": ""}}, {"model": "components.types", "pk": "6bbcce54-12d9-48f5-b44f-a58a9439a6fc", "fields": {"datetime_updated": "2023-07-13T07:53:06.156Z", "name": "4000-Series IC", "order": 3, "notes": ""}}, {"model": "components.types", "pk": "97f10c91-6249-4b9b-ac78-2f531479d908", "fields": {"datetime_updated": "2023-07-13T07:54:45.515Z", "name": "Diode", "order": 7, "notes": ""}}, {"model": "components.types", "pk": "997b1ca5-8c66-4603-8071-5801fb99ae70", "fields": {"datetime_updated": "2023-07-17T01:15:14.054Z", "name": "Light-emitting diode (LED)", "order": 15, "notes": ""}}, {"model": "components.types", "pk": "c7092b42-bd52-4ee5-b539-fbf0dfdd78e9", "fields": {"datetime_updated": "2023-07-13T07:23:36.611Z", "name": "Capacitor", "order": 0, "notes": ""}}, {"model": "components.types", "pk": "d7c7f143-dce3-4e51-94f8-384ce2af48b3", "fields": {"datetime_updated": "2023-07-13T07:55:26.238Z", "name": "Potentiometer", "order": 10, "notes": ""}}, {"model": "components.types", "pk": "eb3dbc9a-190c-4dd2-b0b3-67f3957625c5", "fields": {"datetime_updated": "2023-07-13T07:56:03.816Z", "name": "Jack", "order": 13, "notes": ""}}, {"model": "components.types", "pk": "f26cd426-050f-4097-a440-ff04b818e974", "fields": {"datetime_updated": "2023-07-13T07:55:13.977Z", "name": "Vactrol", "order": 9, "notes": ""}}, {"model": "components.types", "pk": "fca2b899-4400-4e5e-a2b1-70116e2919b6", "fields": {"datetime_updated": "2023-07-17T00:47:34.599Z", "name": "Small outline integrated circuit (SOIC)", "order": 2, "notes": ""}}, {"model": "components.componentsupplier", "pk": "387d0cb3-8402-45b3-b729-ce9d40b202d5", "fields": {"datetime_updated": "2023-07-17T02:36:38.380Z", "name": "Tayda Electronics", "short_name": "Tayda", "url": "https://www.taydaelectronics.com/"}}, {"model": "components.componentsupplier", "pk": "752bc340-90ee-451f-9b5b-db7065cdc107", "fields": {"datetime_updated": "2023-07-25T08:35:59.402Z", "name": "Mouser Electronics", "short_name": "Mouser", "url": "https://www.mouser.com/"}}, {"model": "components.componentsupplier", "pk": "a5837b68-cd6e-4881-bf11-ffc76d7aa4c4", "fields": {"datetime_updated": "2023-08-06T19:48:03.870Z", "name": "Thonk", "short_name": "Thonk", "url": "https://www.thonk.co.uk/"}}, {"model": "components.componentmanufacturer", "pk": "0d3e993e-0657-4d85-972a-68de82354759", "fields": {"datetime_updated": "2023-07-27T06:24:09.559Z", "name": "ROHM Semiconductor"}}, {"model": "components.componentmanufacturer", "pk": "1ec64235-8a98-4bc1-974e-37e8f584d1a8", "fields": {"datetime_updated": "2023-07-25T08:55:37.682Z", "name": "Royal Ohm"}}, {"model": "components.componentmanufacturer", "pk": "4e2f005f-4faf-46f4-8644-7838d5b3ec96", "fields": {"datetime_updated": "2023-08-06T19:50:07.605Z", "name": "Thonk"}}, {"model": "components.componentmanufacturer", "pk": "50c6b671-36b2-4ae0-b164-776c4f62b704", "fields": {"datetime_updated": "2023-08-08T06:56:27.154Z", "name": "TAIYO YUDEN"}}, {"model": "components.componentmanufacturer", "pk": "68f2fca8-c0dd-47de-840b-b5460d2dc260", "fields": {"datetime_updated": "2023-07-25T08:35:14.523Z", "name": "Kyocera AVX"}}, {"model": "components.componentmanufacturer", "pk": "793699f9-e3b7-47f7-bc5f-a70ece5b55f3", "fields": {"datetime_updated": "2023-07-27T07:47:50.520Z", "name": "Taiwan Semiconductor"}}, {"model": "components.componentmanufacturer", "pk": "8485be84-86a5-4c96-af1c-8d0c93099e47", "fields": {"datetime_updated": "2023-08-08T07:30:38.001Z", "name": "Fairchild/ON Semiconductor"}}, {"model": "components.componentmanufacturer", "pk": "90f6a2b9-86a9-4066-baed-1e2100ef16a3", "fields": {"datetime_updated": "2023-07-25T08:41:27.845Z", "name": "Murata Electronics"}}, {"model": "components.componentmanufacturer", "pk": "a1b0166a-5208-4118-aec2-1eab867bddea", "fields": {"datetime_updated": "2023-08-08T07:14:36.445Z", "name": "PHILIPS/NXP"}}, {"model": "components.componentmanufacturer", "pk": "b489f08f-e573-464c-a701-ab1eedb6bbe2", "fields": {"datetime_updated": "2023-07-27T07:54:26.431Z", "name": "ALPHA"}}, {"model": "components.componentmanufacturer", "pk": "bbaa6488-cd37-4c8c-98ae-52333fb41a98", "fields": {"datetime_updated": "2023-07-17T02:35:19.576Z", "name": "Samsung"}}, {"model": "components.componentmanufacturer", "pk": "bebcd583-5d50-490f-8153-f1b2472d41aa", "fields": {"datetime_updated": "2023-07-27T06:52:49.503Z", "name": "YAGEO"}}, {"model": "components.componentmanufacturer", "pk": "ca54a138-9a12-440f-9e4c-8f2c48661508", "fields": {"datetime_updated": "2023-07-27T07:07:17.605Z", "name": "SGS-THOMSON"}}, {"model": "components.componentmanufacturer", "pk": "cb67e7f9-a3c6-4ad5-b90f-20ca9beb708f", "fields": {"datetime_updated": "2023-07-27T06:05:08.782Z", "name": "Vishay"}}, {"model": "components.componentmanufacturer", "pk": "cd7c7cb1-3787-4592-a55b-c24019685249", "fields": {"datetime_updated": "2023-08-06T19:42:31.778Z", "name": "Tayda Electronics"}}, {"model": "components.componentmanufacturer", "pk": "d2d2d70f-b0c5-4ff0-8781-b2edc6d15c3c", "fields": {"datetime_updated": "2023-08-08T05:48:54.601Z", "name": "MULTICOMP"}}, {"model": "components.componentmanufacturer", "pk": "f3ca45b4-2c0d-42ef-8463-2868dfb5e54a", "fields": {"datetime_updated": "2023-07-27T07:14:18.328Z", "name": "GTK"}}, {"model": "components.componentmanufacturer", "pk": "f4197dbb-446d-4b67-b28f-f9bf8ed7699d", "fields": {"datetime_updated": "2023-08-06T19:34:34.498Z", "name": "Nexperia"}}, {"model": "components.componentmanufacturer", "pk": "f838899e-b2d8-400b-b26e-a74c05542303", "fields": {"datetime_updated": "2023-07-27T07:51:31.539Z", "name": "onsemi"}}, {"model": "components.componentmanufacturer", "pk": "fccd6513-a760-4834-954d-42df65628397", "fields": {"datetime_updated": "2023-08-08T07:08:19.557Z", "name": "Texas Instruments"}}, {"model": "components.component", "pk": "0593ea83-1180-4741-b954-227115feac11", "fields": {"datetime_updated": "2023-07-27T05:49:01.604Z", "description": "100K OHM 1/8W 1% 0805 SMD CHIP RESISTORS", "manufacturer": "1ec64235-8a98-4bc1-974e-37e8f584d1a8", "manufacturer_part_no": "0805W8F1003T5E", "mounting_style": "smt", "supplier": "387d0cb3-8402-45b3-b729-ce9d40b202d5", "supplier_item_no": "A-3113", "type": "06b913cc-3ecd-4b47-baf7-676d8fcc78bf", "ohms": "100.0", "ohms_unit": "kΩ", "farads": null, "farads_unit": "", "voltage_rating": "", "tolerance": "1%", "price_currency": "USD", "price": "0.01", "pcs": 1, "discontinued": false, "notes": "", "link": "https://www.taydaelectronics.com/resistors/smd-chip-resistors/0805/50-x-smd-chip-resistors-100k-ohm-1-8w-1-0805.html", "allow_comments": true}}, {"model": "components.component", "pk": "09f36cb5-f83f-4155-8fd0-de5da26a47f0", "fields": {"datetime_updated": "2023-07-27T07:03:11.932Z", "description": "TL082 DUAL OPERATIONAL AMPLIFIER J-FET SOIC-8 TL082CDT", "manufacturer": null, "manufacturer_part_no": "TL082CDT", "mounting_style": "smt", "supplier": "387d0cb3-8402-45b3-b729-ce9d40b202d5", "supplier_item_no": "A-1139", "type": "fca2b899-4400-4e5e-a2b1-70116e2919b6", "ohms": null, "ohms_unit": "", "farads": null, "farads_unit": "", "voltage_rating": "", "tolerance": "", "price_currency": "USD", "price": "0.24", "pcs": 1, "discontinued": false, "notes": "", "link": "https://www.taydaelectronics.com/tl082-dual-operational-amplifier-j-fet-soic-8-tl082cdt.html", "allow_comments": true}}, {"model": "components.component", "pk": "0be3fbee-71c2-4ec6-8dce-e097da97270d", "fields": {"datetime_updated": "2023-07-27T07:20:16.505Z", "description": "10 Pin 2.54mm Single Row Pin Header Strip", "manufacturer": "f3ca45b4-2c0d-42ef-8463-2868dfb5e54a", "manufacturer_part_no": "", "mounting_style": "th", "supplier": "387d0cb3-8402-45b3-b729-ce9d40b202d5", "supplier_item_no": "A-197", "type": "26d1eb76-386b-4933-9a61-c9339bc6558a", "ohms": null, "ohms_unit": "", "farads": null, "farads_unit": "", "voltage_rating": "", "tolerance": "", "price_currency": "USD", "price": "0.15", "pcs": 1, "discontinued": false, "notes": "", "link": "https://www.taydaelectronics.com/40-pin-2-54-mm-single-row-pin-header-strip.html", "allow_comments": true}}, {"model": "components.component", "pk": "1b661c9f-4c28-434b-9875-8a0e61541062", "fields": {"datetime_updated": "2023-07-25T09:00:07.487Z", "description": "470 OHM 1/8W 1% 0805 SMD CHIP RESISTORS", "manufacturer": "1ec64235-8a98-4bc1-974e-37e8f584d1a8", "manufacturer_part_no": "0805W8F4700T5E", "mounting_style": "smt", "supplier": "387d0cb3-8402-45b3-b729-ce9d40b202d5", "supplier_item_no": "A-3057", "type": "06b913cc-3ecd-4b47-baf7-676d8fcc78bf", "ohms": "470.0", "ohms_unit": "Ω", "farads": null, "farads_unit": "", "voltage_rating": "", "tolerance": "+-1", "price_currency": "USD", "price": "0.01", "pcs": 1, "discontinued": false, "notes": "", "link": "https://www.taydaelectronics.com/resistors/smd-chip-resistors/0805/50-x-smd-chip-resistors-470-ohm-1-8w-1-0805.html", "allow_comments": true}}, {"model": "components.component", "pk": "2e8790e6-d7c2-4d68-8c9b-7d692cff591b", "fields": {"datetime_updated": "2023-08-06T19:38:19.324Z", "description": "Schottky Rectifier", "manufacturer": "f4197dbb-446d-4b67-b28f-f9bf8ed7699d", "manufacturer_part_no": "PMEG2005EH,115", "mounting_style": "smt", "supplier": "752bc340-90ee-451f-9b5b-db7065cdc107", "supplier_item_no": "771-PMEG2005EH-T/R", "type": "97f10c91-6249-4b9b-ac78-2f531479d908", "ohms": null, "ohms_unit": "", "farads": null, "farads_unit": "", "voltage_rating": "", "tolerance": "", "price_currency": "USD", "price": "0.41", "pcs": 1, "discontinued": false, "notes": "", "link": "https://www.mouser.com/ProductDetail/Nexperia/PMEG2005EH115?qs=LOCUfHb8d9tx4s2B3H33SA%3D%3D", "allow_comments": true}}, {"model": "components.component", "pk": "2f1707b6-cfec-4a56-b6f7-9390e5bbaa57", "fields": {"datetime_updated": "2023-07-27T07:56:02.582Z", "description": "10K OHM LINEAR TAPER POTENTIOMETER ROUND SHAFT PCB 9MM", "manufacturer": "b489f08f-e573-464c-a701-ab1eedb6bbe2", "manufacturer_part_no": "RD901F-40-15R1-B10K", "mounting_style": "th", "supplier": "387d0cb3-8402-45b3-b729-ce9d40b202d5", "supplier_item_no": "A-1847", "type": "d7c7f143-dce3-4e51-94f8-384ce2af48b3", "ohms": "10.0", "ohms_unit": "kΩ", "farads": null, "farads_unit": "", "voltage_rating": "", "tolerance": "", "price_currency": "USD", "price": "1.29", "pcs": 1, "discontinued": false, "notes": "", "link": "https://www.taydaelectronics.com/10k-ohm-linear-taper-potentiometer-round-shaft-pcb-9mm.html", "allow_comments": true}}, {"model": "components.component", "pk": "3367d260-14c2-4cdf-9b80-0ba3cc9f71dd", "fields": {"datetime_updated": "2023-07-27T07:01:54.307Z", "description": "TL072 DUAL OPERATIONAL AMPLIFIER J-FET SOIC-8 TL072ACDR", "manufacturer": null, "manufacturer_part_no": "TL072ACDR", "mounting_style": "smt", "supplier": "387d0cb3-8402-45b3-b729-ce9d40b202d5", "supplier_item_no": "A-1136", "type": "fca2b899-4400-4e5e-a2b1-70116e2919b6", "ohms": null, "ohms_unit": "", "farads": null, "farads_unit": "", "voltage_rating": "", "tolerance": "", "price_currency": "USD", "price": "0.99", "pcs": 1, "discontinued": false, "notes": "", "link": "https://www.taydaelectronics.com/tl072-dual-operational-amplifier-j-fet-soic-8-tl072acdr.html", "allow_comments": true}}, {"model": "components.component", "pk": "3b9a05d4-5364-4896-bda8-75a5d055be17", "fields": {"datetime_updated": "2023-07-27T07:52:51.642Z", "description": "512-LL4148", "manufacturer": "f838899e-b2d8-400b-b26e-a74c05542303", "manufacturer_part_no": "LL4148", "mounting_style": "smt", "supplier": "752bc340-90ee-451f-9b5b-db7065cdc107", "supplier_item_no": "512-LL4148", "type": "97f10c91-6249-4b9b-ac78-2f531479d908", "ohms": null, "ohms_unit": "", "farads": null, "farads_unit": "", "voltage_rating": "", "tolerance": "", "price_currency": "USD", "price": "0.12", "pcs": 1, "discontinued": false, "notes": "", "link": "https://www.mouser.com/ProductDetail/onsemi-Fairchild/LL4148?qs=z%2Fr5wmDnQfY5jXgsdLPkRg%3D%3D", "allow_comments": true}}, {"model": "components.component", "pk": "3dc96eca-37f0-4c18-b472-4f5122ba1a17", "fields": {"datetime_updated": "2023-07-27T07:49:08.633Z", "description": "821-S1JL", "manufacturer": "793699f9-e3b7-47f7-bc5f-a70ece5b55f3", "manufacturer_part_no": "S1JL", "mounting_style": "smt", "supplier": "752bc340-90ee-451f-9b5b-db7065cdc107", "supplier_item_no": "821-S1JL", "type": "97f10c91-6249-4b9b-ac78-2f531479d908", "ohms": null, "ohms_unit": "", "farads": null, "farads_unit": "", "voltage_rating": "", "tolerance": "", "price_currency": "USD", "price": "0.45", "pcs": 1, "discontinued": false, "notes": "", "link": "https://www.mouser.com/ProductDetail/Taiwan-Semiconductor/S1JL?qs=0yhueWoPdxZyZLaFpdePxQ%3D%3D", "allow_comments": true}}, {"model": "components.component", "pk": "42504b35-86f3-4625-89db-70f05f677391", "fields": {"datetime_updated": "2023-08-08T07:27:56.756Z", "description": "100K OHM LINEAR TAPER POTENTIOMETER SPLINE SHAFT PCB MOUNT 9MM", "manufacturer": "b489f08f-e573-464c-a701-ab1eedb6bbe2", "manufacturer_part_no": "RD901F-40-15K-B100K", "mounting_style": "th", "supplier": "387d0cb3-8402-45b3-b729-ce9d40b202d5", "supplier_item_no": "A-4729", "type": "58068c0c-c9de-4ae1-9dae-1afececc5992", "ohms": "100.0", "ohms_unit": "kΩ", "farads": null, "farads_unit": "", "voltage_rating": "", "tolerance": "", "price_currency": "USD", "price": "1.29", "pcs": 1, "discontinued": false, "notes": "", "link": "https://www.taydaelectronics.com/100k-ohm-linear-taper-potentiometer-knurled-plastic-spline-shaft-pcb-9mm.html", "allow_comments": true}}, {"model": "components.component", "pk": "45cb4bf7-70ba-4367-bfd5-764077f27515", "fields": {"datetime_updated": "2023-07-27T05:39:26.546Z", "description": "4.7K OHM 1/8W 1% 0805 SMD CHIP RESISTORS", "manufacturer": "1ec64235-8a98-4bc1-974e-37e8f584d1a8", "manufacturer_part_no": "0805W8F4701T5E", "mounting_style": "smt", "supplier": "387d0cb3-8402-45b3-b729-ce9d40b202d5", "supplier_item_no": "A-3081", "type": "06b913cc-3ecd-4b47-baf7-676d8fcc78bf", "ohms": "4.7", "ohms_unit": "kΩ", "farads": null, "farads_unit": "", "voltage_rating": "", "tolerance": "1%", "price_currency": "USD", "price": "0.01", "pcs": 1, "discontinued": false, "notes": "", "link": "https://www.taydaelectronics.com/resistors/smd-chip-resistors/0805/50-x-smd-chip-resistors-4-7k-ohm-1-8w-1-0805.html", "allow_comments": true}}, {"model": "components.component", "pk": "49e5488b-1a11-4a2d-a496-b63db483dbac", "fields": {"datetime_updated": "2023-08-06T19:53:35.055Z", "description": "Schottky Rectifier", "manufacturer": "f4197dbb-446d-4b67-b28f-f9bf8ed7699d", "manufacturer_part_no": "PMEG2005EGWX", "mounting_style": "smt", "supplier": "752bc340-90ee-451f-9b5b-db7065cdc107", "supplier_item_no": "841-PMEG2005EGWX", "type": "97f10c91-6249-4b9b-ac78-2f531479d908", "ohms": null, "ohms_unit": "", "farads": null, "farads_unit": "", "voltage_rating": "", "tolerance": "", "price_currency": "USD", "price": "0.34", "pcs": 1, "discontinued": false, "notes": "", "link": "https://www.mouser.com/ProductDetail/Nexperia/PMEG2005EGWX?qs=EO%252B2iqeaG002IDp7lV8MpA%3D%3D", "allow_comments": true}}, {"model": "components.component", "pk": "573cc767-74ce-4b13-9faa-632e07582343", "fields": {"datetime_updated": "2023-07-27T06:09:54.385Z", "description": "6.8M OHM 1/8W 5% 0805 SMD CHIP RESISTORS", "manufacturer": "1ec64235-8a98-4bc1-974e-37e8f584d1a8", "manufacturer_part_no": "A-3392", "mounting_style": "smt", "supplier": "387d0cb3-8402-45b3-b729-ce9d40b202d5", "supplier_item_no": "A-3392", "type": "06b913cc-3ecd-4b47-baf7-676d8fcc78bf", "ohms": "6.8", "ohms_unit": "MΩ", "farads": null, "farads_unit": "", "voltage_rating": "", "tolerance": "5%", "price_currency": "USD", "price": "0.01", "pcs": 1, "discontinued": false, "notes": "", "link": "https://www.taydaelectronics.com/resistors/smd-chip-resistors/0805/50-x-smd-chip-resistors-6-8m-ohm-1-8w-5-0805.html.html", "allow_comments": true}}, {"model": "components.component", "pk": "58c95735-1ce0-4e43-adc1-463b05a7f2f3", "fields": {"datetime_updated": "2023-08-08T07:23:35.464Z", "description": "Schottky Diode", "manufacturer": "cb67e7f9-a3c6-4ad5-b90f-20ca9beb708f", "manufacturer_part_no": "SL04-E3-08", "mounting_style": "smt", "supplier": "752bc340-90ee-451f-9b5b-db7065cdc107", "supplier_item_no": "78-SL04-E3-08", "type": "97f10c91-6249-4b9b-ac78-2f531479d908", "ohms": null, "ohms_unit": "", "farads": null, "farads_unit": "", "voltage_rating": "", "tolerance": "", "price_currency": "USD", "price": "0.42", "pcs": 1, "discontinued": false, "notes": "", "link": "https://www.mouser.com/ProductDetail/Vishay-Semiconductors/SL04-E3-08?qs=5kg1KtpOloca8QE5a1kHkA%3D%3D", "allow_comments": true}}, {"model": "components.component", "pk": "5ccb5c5d-d668-43c5-b8c4-cd938607522d", "fields": {"datetime_updated": "2023-08-08T05:56:26.385Z", "description": "10K OHM 1/8W 1% 0805 SMD CHIP RESISTOR MULTICOMP BEST PERFORMANCE", "manufacturer": "d2d2d70f-b0c5-4ff0-8781-b2edc6d15c3c", "manufacturer_part_no": "MCWR08X1002FTL", "mounting_style": "smt", "supplier": "387d0cb3-8402-45b3-b729-ce9d40b202d5", "supplier_item_no": "A-950", "type": "06b913cc-3ecd-4b47-baf7-676d8fcc78bf", "ohms": "10.0", "ohms_unit": "kΩ", "farads": null, "farads_unit": "", "voltage_rating": "", "tolerance": "1%", "price_currency": "USD", "price": "0.01", "pcs": 1, "discontinued": false, "notes": "", "link": "https://www.taydaelectronics.com/resistors/smd-chip-resistors/0805/10k-ohm-smd-chip-resistors-1-8w-1-0805.html", "allow_comments": true}}, {"model": "components.component", "pk": "640b2461-389e-416d-8aaf-fa71c92d42ae", "fields": {"datetime_updated": "2023-07-27T06:26:03.623Z", "description": "68M", "manufacturer": "0d3e993e-0657-4d85-972a-68de82354759", "manufacturer_part_no": "UCR10EVHFSR068", "mounting_style": "smt", "supplier": "752bc340-90ee-451f-9b5b-db7065cdc107", "supplier_item_no": "755-UCR10EVHFSR068", "type": "06b913cc-3ecd-4b47-baf7-676d8fcc78bf", "ohms": "68.0", "ohms_unit": "MΩ", "farads": null, "farads_unit": "", "voltage_rating": "", "tolerance": "1%", "price_currency": "USD", "price": "0.63", "pcs": 1, "discontinued": false, "notes": "", "link": "https://www.mouser.com/ProductDetail/ROHM-Semiconductor/UCR10EVHFSR068?qs=493kPxzlxfJJNH46RXVxvw%3D%3D", "allow_comments": true}}, {"model": "components.component", "pk": "664e2869-64a7-4cd7-ae10-26cba4814b59", "fields": {"datetime_updated": "2023-07-27T07:20:45.459Z", "description": "2X40 PIN 2.54MM DOUBLE ROW PIN HEADER STRIP", "manufacturer": "f3ca45b4-2c0d-42ef-8463-2868dfb5e54a", "manufacturer_part_no": "", "mounting_style": "th", "supplier": "387d0cb3-8402-45b3-b729-ce9d40b202d5", "supplier_item_no": "A-198", "type": "26d1eb76-386b-4933-9a61-c9339bc6558a", "ohms": null, "ohms_unit": "", "farads": null, "farads_unit": "", "voltage_rating": "", "tolerance": "", "price_currency": "USD", "price": "0.21", "pcs": 1, "discontinued": false, "notes": "", "link": "https://www.taydaelectronics.com/2x40-pin-2-54-mm-double-row-pin-header-strip.html", "allow_comments": true}}, {"model": "components.component", "pk": "690737c9-0bc1-4faf-a4f1-6e3203beb359", "fields": {"datetime_updated": "2023-07-27T07:09:15.580Z", "description": "TL074 QUAD OPERATIONAL AMPLIFIER J-FET SOIC-14 TL074CDT", "manufacturer": "ca54a138-9a12-440f-9e4c-8f2c48661508", "manufacturer_part_no": "TL074CDT", "mounting_style": "smt", "supplier": "387d0cb3-8402-45b3-b729-ce9d40b202d5", "supplier_item_no": "A-1137", "type": "fca2b899-4400-4e5e-a2b1-70116e2919b6", "ohms": null, "ohms_unit": "", "farads": null, "farads_unit": "", "voltage_rating": "", "tolerance": "", "price_currency": "USD", "price": "0.26", "pcs": 1, "discontinued": false, "notes": "", "link": "https://www.taydaelectronics.com/tl074-quad-operational-amplifier-j-fet-soic-14-tl074cdt.html", "allow_comments": true}}, {"model": "components.component", "pk": "6c69c361-74ef-42da-8e82-b25a1e625dd1", "fields": {"datetime_updated": "2023-08-06T07:00:07.842Z", "description": "10 uF", "manufacturer": "90f6a2b9-86a9-4066-baed-1e2100ef16a3", "manufacturer_part_no": "GRM21BC71E106ME11L", "mounting_style": "smt", "supplier": "752bc340-90ee-451f-9b5b-db7065cdc107", "supplier_item_no": "81-GRM21BC71E106ME1L", "type": "c7092b42-bd52-4ee5-b539-fbf0dfdd78e9", "ohms": null, "ohms_unit": "", "farads": "10.0", "farads_unit": "μF", "voltage_rating": "25v", "tolerance": "20%", "price_currency": "USD", "price": "0.37", "pcs": 1, "discontinued": false, "notes": "", "link": "https://www.mouser.com/ProductDetail/Murata-Electronics/GRM21BC71E106ME11L?qs=K0Sa7bCb58Jn3x6%2FgoOqlA%3D%3D", "allow_comments": true}}, {"model": "components.component", "pk": "746cbc1c-e850-4232-87b1-dff12bd89d88", "fields": {"datetime_updated": "2023-07-25T08:37:56.609Z", "description": "1 uF", "manufacturer": "68f2fca8-c0dd-47de-840b-b5460d2dc260", "manufacturer_part_no": "08055C105K4T4A", "mounting_style": "smt", "supplier": "752bc340-90ee-451f-9b5b-db7065cdc107", "supplier_item_no": "581-08055C105K4T4A", "type": "c7092b42-bd52-4ee5-b539-fbf0dfdd78e9", "ohms": null, "ohms_unit": "", "farads": "1.0", "farads_unit": "μF", "voltage_rating": "50V", "tolerance": "±10", "price_currency": "USD", "price": "0.32", "pcs": 1, "discontinued": false, "notes": "", "link": "https://www.mouser.com/ProductDetail/KYOCERA-AVX/08055C105K4T4A?qs=byeeYqUIh0Oh891bMlItEA%3D%3D", "allow_comments": true}}, {"model": "components.component", "pk": "769bc5eb-38a8-4d0f-ae04-43b20bc71258", "fields": {"datetime_updated": "2023-07-27T06:01:55.063Z", "description": "1.0M OHM 1/8W 1% 0805 SMD CHIP RESISTORS", "manufacturer": "1ec64235-8a98-4bc1-974e-37e8f584d1a8", "manufacturer_part_no": "0805W8F1004T5E", "mounting_style": "smt", "supplier": "387d0cb3-8402-45b3-b729-ce9d40b202d5", "supplier_item_no": "A-3137", "type": "06b913cc-3ecd-4b47-baf7-676d8fcc78bf", "ohms": "1.0", "ohms_unit": "MΩ", "farads": null, "farads_unit": "", "voltage_rating": "", "tolerance": "1%", "price_currency": "USD", "price": "0.01", "pcs": 1, "discontinued": false, "notes": "", "link": "https://www.taydaelectronics.com/resistors/smd-chip-resistors/0805/50-x-smd-chip-resistors-1-0m-ohm-1-8w-1-0805.html", "allow_comments": true}}, {"model": "components.component", "pk": "78cbb271-fa4c-4ea8-91ed-318a02f015bd", "fields": {"datetime_updated": "2023-08-06T19:45:25.131Z", "description": "3.5MM ENCLOSED SOCKET", "manufacturer": "cd7c7cb1-3787-4592-a55b-c24019685249", "manufacturer_part_no": "", "mounting_style": "th", "supplier": "387d0cb3-8402-45b3-b729-ce9d40b202d5", "supplier_item_no": "A-865", "type": "eb3dbc9a-190c-4dd2-b0b3-67f3957625c5", "ohms": null, "ohms_unit": "", "farads": null, "farads_unit": "", "voltage_rating": "", "tolerance": "", "price_currency": "USD", "price": "0.22", "pcs": 1, "discontinued": false, "notes": "", "link": "https://www.taydaelectronics.com/3-5mm-mono-enclosed-socket.html", "allow_comments": true}}, {"model": "components.component", "pk": "7996eee7-e522-40c5-ac52-c647e58df483", "fields": {"datetime_updated": "2023-08-08T06:57:37.601Z", "description": "10uF Multilayer Ceramic Capacitor", "manufacturer": "50c6b671-36b2-4ae0-b164-776c4f62b704", "manufacturer_part_no": "TMK212BBJ106MG-T", "mounting_style": "smt", "supplier": "752bc340-90ee-451f-9b5b-db7065cdc107", "supplier_item_no": "963-TMK212BBJ106MG-T", "type": "c7092b42-bd52-4ee5-b539-fbf0dfdd78e9", "ohms": null, "ohms_unit": "", "farads": "10.0", "farads_unit": "μF", "voltage_rating": "25v", "tolerance": "20%", "price_currency": "USD", "price": "0.18", "pcs": 1, "discontinued": false, "notes": "", "link": "https://www.mouser.com/ProductDetail/TAIYO-YUDEN/TMK212BBJ106MG-T?qs=lkMpTOwszhd%2F%252Bg1AlFV9dw%3D%3D", "allow_comments": true}}, {"model": "components.component", "pk": "816c34eb-5ad7-4ff7-8556-56040225d25d", "fields": {"datetime_updated": "2023-08-08T06:30:01.221Z", "description": "1N400x-type Rectifiers", "manufacturer": "cb67e7f9-a3c6-4ad5-b90f-20ca9beb708f", "manufacturer_part_no": "1N4007E-E3/54", "mounting_style": "th", "supplier": "752bc340-90ee-451f-9b5b-db7065cdc107", "supplier_item_no": "625-1N4007E-E3/54", "type": "97f10c91-6249-4b9b-ac78-2f531479d908", "ohms": null, "ohms_unit": "", "farads": null, "farads_unit": "", "voltage_rating": "", "tolerance": "", "price_currency": "USD", "price": "0.48", "pcs": 1, "discontinued": false, "notes": "", "link": "https://www.mouser.com/ProductDetail/Vishay-General-Semiconductor/1N4007E-E3-54?qs=N4vtoAxH%2FSpuXi08Ycv22A%3D%3D", "allow_comments": true}}, {"model": "components.component", "pk": "8c27e23e-e851-41aa-b25f-f3402d007c77", "fields": {"datetime_updated": "2023-07-27T07:59:11.452Z", "description": "100K OHM LINEAR TAPER POTENTIOMETER ROUND SHAFT PCB 9MM", "manufacturer": "b489f08f-e573-464c-a701-ab1eedb6bbe2", "manufacturer_part_no": "RD901F-40-15R1-B100K", "mounting_style": "th", "supplier": "387d0cb3-8402-45b3-b729-ce9d40b202d5", "supplier_item_no": "A-1848", "type": "d7c7f143-dce3-4e51-94f8-384ce2af48b3", "ohms": null, "ohms_unit": "", "farads": null, "farads_unit": "", "voltage_rating": "", "tolerance": "", "price_currency": "USD", "price": "1.29", "pcs": 1, "discontinued": false, "notes": "", "link": "https://www.taydaelectronics.com/100k-ohm-linear-taper-potentiometer-round-shaft-pcb-9mm.html", "allow_comments": true}}, {"model": "components.component", "pk": "8f3ffc03-a512-41ec-90c4-e246f842bf60", "fields": {"datetime_updated": "2023-08-08T07:15:35.231Z", "description": "BC847 TRANSISTOR NPN 45V 0.1A SOT-23-3 BC847B,215", "manufacturer": "a1b0166a-5208-4118-aec2-1eab867bddea", "manufacturer_part_no": "BC847B,215", "mounting_style": "smt", "supplier": "387d0cb3-8402-45b3-b729-ce9d40b202d5", "supplier_item_no": "A-1339", "type": "5a16a128-e92c-452a-a516-68c9f88c9723", "ohms": null, "ohms_unit": "", "farads": null, "farads_unit": "", "voltage_rating": "", "tolerance": "", "price_currency": "USD", "price": "0.03", "pcs": 1, "discontinued": false, "notes": "", "link": "https://www.taydaelectronics.com/bc847-transistor-npn-45v-0-1a-sot-23-3-bc847b-215.html", "allow_comments": true}}, {"model": "components.component", "pk": "99b126e0-af3b-4bb2-b16d-05e44d7212e3", "fields": {"datetime_updated": "2023-07-27T07:11:31.317Z", "description": "TL084 QUAD OPERATIONAL AMPLIFIER J-FET SOIC-14 TL084CDT", "manufacturer": "ca54a138-9a12-440f-9e4c-8f2c48661508", "manufacturer_part_no": "TL084CDT", "mounting_style": "smt", "supplier": "387d0cb3-8402-45b3-b729-ce9d40b202d5", "supplier_item_no": "A-1140", "type": "fca2b899-4400-4e5e-a2b1-70116e2919b6", "ohms": null, "ohms_unit": "", "farads": null, "farads_unit": "", "voltage_rating": "", "tolerance": "", "price_currency": "USD", "price": "0.25", "pcs": 1, "discontinued": false, "notes": "", "link": "https://www.taydaelectronics.com/tl084-quad-operational-amplifier-j-fet-soic-14-tl084cdt.html", "allow_comments": true}}, {"model": "components.component", "pk": "abfee987-f00d-435f-ba2b-ffd51e73b717", "fields": {"datetime_updated": "2023-07-27T05:25:56.631Z", "description": "1.0K OHM 1/8W 1% 0805 SMD CHIP RESISTORS", "manufacturer": "1ec64235-8a98-4bc1-974e-37e8f584d1a8", "manufacturer_part_no": "0805W8F1001T5E", "mounting_style": "smt", "supplier": "387d0cb3-8402-45b3-b729-ce9d40b202d5", "supplier_item_no": "A-3065", "type": "06b913cc-3ecd-4b47-baf7-676d8fcc78bf", "ohms": "1.0", "ohms_unit": "kΩ", "farads": null, "farads_unit": "", "voltage_rating": "", "tolerance": "1%", "price_currency": "USD", "price": "0.01", "pcs": 1, "discontinued": false, "notes": "", "link": "https://www.taydaelectronics.com/resistors/smd-chip-resistors/0805/50-x-smd-chip-resistors-1-0k-ohm-1-8w-1-0805.html", "allow_comments": true}}, {"model": "components.component", "pk": "b07286d4-0aa4-4eea-9c41-6b6ec4db106b", "fields": {"datetime_updated": "2023-08-06T22:45:16.473Z", "description": "10 uF", "manufacturer": "90f6a2b9-86a9-4066-baed-1e2100ef16a3", "manufacturer_part_no": "GCM21BD70J106KE02K", "mounting_style": "smt", "supplier": "752bc340-90ee-451f-9b5b-db7065cdc107", "supplier_item_no": "81-GCM21BD70J106KE2K", "type": "c7092b42-bd52-4ee5-b539-fbf0dfdd78e9", "ohms": null, "ohms_unit": "", "farads": "10.0", "farads_unit": "μF", "voltage_rating": "6.3", "tolerance": "10%", "price_currency": "USD", "price": "0.33", "pcs": 1, "discontinued": false, "notes": "", "link": "https://www.mouser.com/ProductDetail/Murata-Electronics/GCM21BD70J106KE02K?qs=ufv2HEpFn%252BR%2FX0aJNPDpRg%3D%3D", "allow_comments": true}}, {"model": "components.component", "pk": "b411bb82-7508-4f76-8d45-1a855102eaa6", "fields": {"datetime_updated": "2023-08-08T06:18:47.519Z", "description": "LED 3MM WHITE WATER CLEAR ULTRA BRIGHT", "manufacturer": "cd7c7cb1-3787-4592-a55b-c24019685249", "manufacturer_part_no": "", "mounting_style": "th", "supplier": "387d0cb3-8402-45b3-b729-ce9d40b202d5", "supplier_item_no": "A-2226", "type": "997b1ca5-8c66-4603-8071-5801fb99ae70", "ohms": null, "ohms_unit": "", "farads": null, "farads_unit": "", "voltage_rating": "", "tolerance": "", "price_currency": "USD", "price": "0.04", "pcs": 1, "discontinued": false, "notes": "", "link": "https://www.taydaelectronics.com/led-3mm-white-water-clear-ultra-bright.html", "allow_comments": true}}, {"model": "components.component", "pk": "b7fb046a-ba49-45ff-b2b6-f504dbe1475e", "fields": {"datetime_updated": "2023-07-27T05:58:32.109Z", "description": "470K OHM 1/8W 1% 0805 SMD CHIP RESISTORS", "manufacturer": "1ec64235-8a98-4bc1-974e-37e8f584d1a8", "manufacturer_part_no": "0805W8F4703T5E", "mounting_style": "smt", "supplier": "387d0cb3-8402-45b3-b729-ce9d40b202d5", "supplier_item_no": "A-3129", "type": "06b913cc-3ecd-4b47-baf7-676d8fcc78bf", "ohms": "470.0", "ohms_unit": "kΩ", "farads": null, "farads_unit": "", "voltage_rating": "", "tolerance": "1%", "price_currency": "USD", "price": "0.01", "pcs": 1, "discontinued": false, "notes": "", "link": "https://www.taydaelectronics.com/resistors/smd-chip-resistors/0805/50-x-smd-chip-resistors-470k-ohm-1-8w-1-0805.html", "allow_comments": true}}, {"model": "components.component", "pk": "c5dbf5f4-b128-4620-8e4a-e3e2e764d2be", "fields": {"datetime_updated": "2023-08-08T07:10:06.261Z", "description": "Op Amps", "manufacturer": "fccd6513-a760-4834-954d-42df65628397", "manufacturer_part_no": "LF353D", "mounting_style": "smt", "supplier": "752bc340-90ee-451f-9b5b-db7065cdc107", "supplier_item_no": "595-LF353D", "type": "47db9d7d-7c74-4eb7-a50d-dd30b37aadf1", "ohms": null, "ohms_unit": "", "farads": null, "farads_unit": "", "voltage_rating": "", "tolerance": "", "price_currency": "USD", "price": "1.03", "pcs": 1, "discontinued": false, "notes": "", "link": "https://www.mouser.com/ProductDetail/Texas-Instruments/LF353D?qs=LfG3tU9ud8AzrNePz9oB4Q%3D%3D", "allow_comments": true}}, {"model": "components.component", "pk": "c637afc7-2458-429f-ad80-f18dbb8e7fd7", "fields": {"datetime_updated": "2023-07-27T07:28:30.525Z", "description": "10 PIN 2.54MM SINGLE ROW FEMALE PIN HEADER", "manufacturer": "f3ca45b4-2c0d-42ef-8463-2868dfb5e54a", "manufacturer_part_no": "", "mounting_style": "th", "supplier": "387d0cb3-8402-45b3-b729-ce9d40b202d5", "supplier_item_no": "A-1306", "type": "26d1eb76-386b-4933-9a61-c9339bc6558a", "ohms": null, "ohms_unit": "", "farads": null, "farads_unit": "", "voltage_rating": "", "tolerance": "", "price_currency": "USD", "price": "0.09", "pcs": 1, "discontinued": false, "notes": "", "link": "https://www.taydaelectronics.com/10-pin-2-54-mm-single-row-female-pin-header.html", "allow_comments": true}}, {"model": "components.component", "pk": "cd245a98-aee4-4c1f-8943-65f1654b7542", "fields": {"datetime_updated": "2023-07-27T06:12:18.245Z", "description": "10M OHM 1/8W 1% 0805 SMD CHIP RESISTORS", "manufacturer": "1ec64235-8a98-4bc1-974e-37e8f584d1a8", "manufacturer_part_no": "A-3161", "mounting_style": "smt", "supplier": "387d0cb3-8402-45b3-b729-ce9d40b202d5", "supplier_item_no": "0805W8F1005T5E", "type": "06b913cc-3ecd-4b47-baf7-676d8fcc78bf", "ohms": "10.0", "ohms_unit": "MΩ", "farads": null, "farads_unit": "", "voltage_rating": "", "tolerance": "1%", "price_currency": "USD", "price": "0.01", "pcs": 1, "discontinued": false, "notes": "", "link": "https://www.taydaelectronics.com/resistors/smd-chip-resistors/0805/50-x-smd-chip-resistors-10m-ohm-1-8w-1-0805.html", "allow_comments": true}}, {"model": "components.component", "pk": "d3146b56-837b-4024-ac1c-cacfb82a29fb", "fields": {"datetime_updated": "2023-07-27T05:53:48.358Z", "description": "220K OHM 1/8W 1% 0805 SMD CHIP RESISTORS", "manufacturer": "1ec64235-8a98-4bc1-974e-37e8f584d1a8", "manufacturer_part_no": "0805W8F2203T5E", "mounting_style": "smt", "supplier": "387d0cb3-8402-45b3-b729-ce9d40b202d5", "supplier_item_no": "A-3121", "type": "06b913cc-3ecd-4b47-baf7-676d8fcc78bf", "ohms": "220.0", "ohms_unit": "kΩ", "farads": null, "farads_unit": "", "voltage_rating": "", "tolerance": "1%", "price_currency": "USD", "price": "0.01", "pcs": 1, "discontinued": false, "notes": "", "link": "https://www.taydaelectronics.com/resistors/smd-chip-resistors/0805/50-x-smd-chip-resistors-220k-ohm-1-8w-1-0805.html", "allow_comments": true}}, {"model": "components.component", "pk": "d624787d-4874-466d-b69f-c152a2291c74", "fields": {"datetime_updated": "2023-07-27T06:07:14.650Z", "description": "4.7M OHM 1/8W 1% 0805 SMD CHIP RESISTORS", "manufacturer": "1ec64235-8a98-4bc1-974e-37e8f584d1a8", "manufacturer_part_no": "0805W8F4704T5E", "mounting_style": "smt", "supplier": "387d0cb3-8402-45b3-b729-ce9d40b202d5", "supplier_item_no": "A-3153", "type": "06b913cc-3ecd-4b47-baf7-676d8fcc78bf", "ohms": "4.7", "ohms_unit": "MΩ", "farads": null, "farads_unit": "", "voltage_rating": "", "tolerance": "", "price_currency": "USD", "price": "0.01", "pcs": 1, "discontinued": false, "notes": "", "link": "https://www.taydaelectronics.com/resistors/smd-chip-resistors/0805/50-x-smd-chip-resistors-4-7m-ohm-1-8w-1-0805.html", "allow_comments": true}}, {"model": "components.component", "pk": "d8d42f41-ea84-4805-aa3b-5c0c69c8dfb8", "fields": {"datetime_updated": "2023-08-08T07:31:42.936Z", "description": "FDLL4148 SMALL SIGNAL DIODE 200MA 100V", "manufacturer": "8485be84-86a5-4c96-af1c-8d0c93099e47", "manufacturer_part_no": "FDLL4148", "mounting_style": "smt", "supplier": "387d0cb3-8402-45b3-b729-ce9d40b202d5", "supplier_item_no": "A-1213", "type": "97f10c91-6249-4b9b-ac78-2f531479d908", "ohms": null, "ohms_unit": "", "farads": null, "farads_unit": "", "voltage_rating": "", "tolerance": "", "price_currency": "USD", "price": "0.03", "pcs": 1, "discontinued": false, "notes": "", "link": "https://www.taydaelectronics.com/fdll4148-small-signal-diode-200ma-100v.html", "allow_comments": true}}, {"model": "components.component", "pk": "e999282a-b247-4174-9345-987eb7f2889b", "fields": {"datetime_updated": "2023-09-16T02:45:47.318Z", "description": "10 uF Multilayer Ceramic Capacitor", "manufacturer": "90f6a2b9-86a9-4066-baed-1e2100ef16a3", "manufacturer_part_no": "GRM21BR61E106KA73L", "mounting_style": "smt", "supplier": "752bc340-90ee-451f-9b5b-db7065cdc107", "supplier_item_no": "81-GRM21BR61E106KA3L", "type": "c7092b42-bd52-4ee5-b539-fbf0dfdd78e9", "ohms": null, "ohms_unit": "", "farads": "10.0", "farads_unit": "μF", "voltage_rating": "25v", "tolerance": "10%", "price_currency": "USD", "price": "0.21", "pcs": 1, "discontinued": true, "notes": "", "link": "https://www.mouser.com/ProductDetail/Murata-Electronics/GRM21BR61E106KA73L?qs=Uw8ySfEHS7LOsCQEzvRcNg%3D%3D", "allow_comments": true}}, {"model": "components.component", "pk": "ee607b23-3f8e-451a-bf1d-c7520c406a1d", "fields": {"datetime_updated": "2023-08-06T19:50:25.348Z", "description": "Thonkiconn Jacks", "manufacturer": "4e2f005f-4faf-46f4-8644-7838d5b3ec96", "manufacturer_part_no": "", "mounting_style": "", "supplier": "a5837b68-cd6e-4881-bf11-ffc76d7aa4c4", "supplier_item_no": "PJ398SM", "type": "eb3dbc9a-190c-4dd2-b0b3-67f3957625c5", "ohms": null, "ohms_unit": "", "farads": null, "farads_unit": "", "voltage_rating": "", "tolerance": "", "price_currency": "GBP", "price": "0.33", "pcs": 1, "discontinued": false, "notes": "Functionally identical and interchangeable with PJ301M-12", "link": "https://www.thonk.co.uk/shop/thonkiconn/", "allow_comments": true}}, {"model": "components.component", "pk": "eff18e51-c211-4f56-a66a-28c3e4ee902f", "fields": {"datetime_updated": "2023-07-27T06:53:38.970Z", "description": "100M", "manufacturer": "bebcd583-5d50-490f-8153-f1b2472d41aa", "manufacturer_part_no": "RC0805KR-07100ML", "mounting_style": "smt", "supplier": "752bc340-90ee-451f-9b5b-db7065cdc107", "supplier_item_no": "603-RC0805KR-07100ML", "type": "06b913cc-3ecd-4b47-baf7-676d8fcc78bf", "ohms": "100.0", "ohms_unit": "MΩ", "farads": null, "farads_unit": "", "voltage_rating": "", "tolerance": "10%", "price_currency": "USD", "price": "0.17", "pcs": 1, "discontinued": false, "notes": "", "link": "https://www.mouser.com/ProductDetail/YAGEO/RC0805KR-07100ML?qs=sGAEpiMZZMvdGkrng054tz1y1XEHv7sNzD2t6xJ4Mfu47Yp%252BYCAKaQ%3D%3D", "allow_comments": true}}, {"model": "inventory.userinventory", "pk": "19bf6380-ba25-4cca-8934-007c53521b05", "fields": {"datetime_updated": "2023-12-01T13:56:41.423Z", "component": "0593ea83-1180-4741-b954-227115feac11", "user": 6, "quantity": 10, "location": ["one", " two", " three"], "old_quantity": 10, "old_location": null}}, {"model": "inventory.userinventory", "pk": "27080c42-33ef-4746-bed1-eac830e29633", "fields": {"datetime_updated": "2024-07-04T16:13:01.303Z", "component": "2e8790e6-d7c2-4d68-8c9b-7d692cff591b", "user": 10, "quantity": 1, "location": ["boop"], "old_quantity": 0, "old_location": null}}, {"model": "inventory.userinventory", "pk": "4d559097-51d6-40b2-9ff4-17a1fde3861a", "fields": {"datetime_updated": "2024-07-04T16:12:49.339Z", "component": "2e8790e6-d7c2-4d68-8c9b-7d692cff591b", "user": 10, "quantity": 7, "location": null, "old_quantity": 3, "old_location": null}}, {"model": "inventory.userinventory", "pk": "53427d28-755c-476f-b626-104744bcf3a3", "fields": {"datetime_updated": "2024-07-18T00:43:09.219Z", "component": "0593ea83-1180-4741-b954-227115feac11", "user": 1, "quantity": 2, "location": ["bait", "switch"], "old_quantity": 1, "old_location": ["bait", "switch"]}}, {"model": "inventory.userinventory", "pk": "5f890df2-1e33-4853-b4eb-bf8c22906f33", "fields": {"datetime_updated": "2024-07-25T20:35:32.155Z", "component": "ee607b23-3f8e-451a-bf1d-c7520c406a1d", "user": 1, "quantity": 7, "location": ["bait", " switch"], "old_quantity": 6, "old_location": ["bait", " switch"]}}, {"model": "inventory.userinventory", "pk": "6ec1e259-4913-49b3-96ae-630e4c92608e", "fields": {"datetime_updated": "2024-06-22T20:42:40.961Z", "component": "ee607b23-3f8e-451a-bf1d-c7520c406a1d", "user": 1, "quantity": 4, "location": ["fishkit"], "old_quantity": 3, "old_location": ["fishkit"]}}, {"model": "inventory.userinventory", "pk": "80b61460-a9d0-4dec-ae50-ac0eda007edd", "fields": {"datetime_updated": "2024-07-09T02:29:04.673Z", "component": "0593ea83-1180-4741-b954-227115feac11", "user": 10, "quantity": 8, "location": ["one"], "old_quantity": 0, "old_location": null}}, {"model": "inventory.userinventory", "pk": "a7c44261-5a2e-4017-bba8-1d4742f6b0b2", "fields": {"datetime_updated": "2024-07-04T16:33:51.409Z", "component": "49e5488b-1a11-4a2d-a496-b63db483dbac", "user": 10, "quantity": 7, "location": ["bit", "boop"], "old_quantity": 2, "old_location": ["bit", "boop"]}}, {"model": "inventory.userinventory", "pk": "c62cc39a-11d7-4945-a399-66e65e0aeab9", "fields": {"datetime_updated": "2023-11-24T02:09:55.735Z", "component": "3367d260-14c2-4cdf-9b80-0ba3cc9f71dd", "user": 6, "quantity": 1, "location": null, "old_quantity": 0, "old_location": null}}, {"model": "inventory.userinventory", "pk": "dd56a7f4-86df-4042-b459-287ab99bf36c", "fields": {"datetime_updated": "2024-07-21T02:37:10.061Z", "component": "664e2869-64a7-4cd7-ae10-26cba4814b59", "user": 1, "quantity": 1, "location": null, "old_quantity": 0, "old_location": null}}, {"model": "shopping_list.usershoppinglist", "pk": "02a3cb9e-f649-473f-8fff-94fd04ae3425", "fields": {"datetime_updated": "2024-07-05T14:24:46.491Z", "module": "a7439a7c-3862-429e-83c0-f0c06f3bc1a9", "bom_item": "3fc17dd7-49f7-49f1-99f3-668b0ee22e6b", "component": "b7fb046a-ba49-45ff-b2b6-f504dbe1475e", "user": 10, "quantity": 3}}, {"model": "shopping_list.usershoppinglist", "pk": "bc5b5f6b-bd16-4613-a09a-a23b3a00ed7d", "fields": {"datetime_updated": "2024-07-21T02:37:03.946Z", "module": "686c6680-cdce-4aec-8dc9-6dcfe80785ee", "bom_item": "bd748b96-41ad-4870-a26d-a1e1b08a724e", "component": "5ccb5c5d-d668-43c5-b8c4-cd938607522d", "user": 1, "quantity": 15}}, {"model": "shopping_list.usershoppinglist", "pk": "bd4323de-b475-4a1d-9ec8-9c08f1381d0d", "fields": {"datetime_updated": "2024-07-05T14:35:49.795Z", "module": "b7615951-2a55-456b-8cce-ddba334aa89e", "bom_item": "d8b09319-e62b-4cb5-9611-3336ec98e7d0", "component": "b411bb82-7508-4f76-8d45-1a855102eaa6", "user": 10, "quantity": 15}}, {"model": "shopping_list.usershoppinglist", "pk": "c7c8a8f2-c302-4530-8054-225a549a6fa7", "fields": {"datetime_updated": "2024-07-21T02:37:14.818Z", "module": "686c6680-cdce-4aec-8dc9-6dcfe80785ee", "bom_item": "95357128-444b-4629-abf5-194e83f11487", "component": "664e2869-64a7-4cd7-ae10-26cba4814b59", "user": 1, "quantity": 1}}, {"model": "shopping_list.usershoppinglist", "pk": "d3500cdb-42ed-48eb-ae81-1b4315d595ad", "fields": {"datetime_updated": "2024-07-05T14:24:08.701Z", "module": "686c6680-cdce-4aec-8dc9-6dcfe80785ee", "bom_item": "11f836ca-358c-4a34-8da5-6186280e8e50", "component": "d8d42f41-ea84-4805-aa3b-5c0c69c8dfb8", "user": 10, "quantity": 4}}, {"model": "comments.customxtdcomment", "pk": 3, "fields": {"comment": 53, "comment_url": "/module/4hp-mix-nonlinearcircuits-1/#c53"}}, {"model": "comments.customxtdcomment", "pk": 4, "fields": {"comment": 54, "comment_url": "/module/lets-splosh-nonlinearcircuits-1/#c54"}}, {"model": "comments.customxtdcomment", "pk": 5, "fields": {"comment": 57, "comment_url": "/module/triple-sloth-nonlinearcircuits-2/#c57"}}, {"model": "comments.customxtdcomment", "pk": 6, "fields": {"comment": 58, "comment_url": "/module/lets-splosh-nonlinearcircuits-1/#c58"}}, {"model": "comments.customxtdcomment", "pk": 7, "fields": {"comment": 59, "comment_url": "/components/6c69c361-74ef-42da-8e82-b25a1e625dd1/#c59"}}, {"model": "comments.customxtdcomment", "pk": 8, "fields": {"comment": 60, "comment_url": "/components/0593ea83-1180-4741-b954-227115feac11/#c60"}}, {"model": "comments.customxtdcomment", "pk": 9, "fields": {"comment": 61, "comment_url": "/components/8f3ffc03-a512-41ec-90c4-e246f842bf60/#c61"}}, {"model": "comments.customxtdcomment", "pk": 10, "fields": {"comment": 62, "comment_url": "/module/lets-splosh-nonlinearcircuits-1/#c62"}}, {"model": "comments.customxtdcomment", "pk": 11, "fields": {"comment": 63, "comment_url": "/module/lets-splosh-nonlinearcircuits-1/#c63"}}, {"model": "comments.customxtdcomment", "pk": 12, "fields": {"comment": 64, "comment_url": "/components/3b9a05d4-5364-4896-bda8-75a5d055be17/#c64"}}, {"model": "comments.customxtdcomment", "pk": 13, "fields": {"comment": 65, "comment_url": "/components/3b9a05d4-5364-4896-bda8-75a5d055be17/#c65"}}, {"model": "comments.customxtdcomment", "pk": 14, "fields": {"comment": 66, "comment_url": "/module/ming-rod-nonlinearcircuits-1/#c66"}}, {"model": "comments.customxtdcomment", "pk": 15, "fields": {"comment": 67, "comment_url": "/module/ming-rod-nonlinearcircuits-1/#c67"}}, {"model": "comments.customxtdcomment", "pk": 16, "fields": {"comment": 68, "comment_url": "/components/58c95735-1ce0-4e43-adc1-463b05a7f2f3/#c68"}}, {"model": "comments.customxtdcomment", "pk": 17, "fields": {"comment": 69, "comment_url": "/module/4hp-mix-nonlinearcircuits-1/#c69"}}, {"model": "comments.customxtdcomment", "pk": 18, "fields": {"comment": 70, "comment_url": "/components/640b2461-389e-416d-8aaf-fa71c92d42ae/#c70"}}]